Site, Length, Source, Query Start, Query End, Subject Start, Subject End, Command
3, 7, 1A0J, 43, 56, 54, 64, load aligned_pdbs/1A0J.pdb; create 1A0J_3, 1A0J and res 54-64; delete 1A0J; pair_fit 1A0J_3///54+64/C+CA+N, tev///43+56/C+CA+N; 
6, 11, 1A0J, 76, 83, 90, 104, load aligned_pdbs/1A0J.pdb; create 1A0J_6, 1A0J and res 90-104; delete 1A0J; pair_fit 1A0J_6///90+104/C+CA+N, tev///76+83/C+CA+N; 
9, 22, 1A0J, 125, 139, 157, 180, load aligned_pdbs/1A0J.pdb; create 1A0J_9, 1A0J and res 157-180; delete 1A0J; pair_fit 1A0J_9///157+180/C+CA+N, tev///125+139/C+CA+N; 
10, 14, 1A0J, 142, 154, 183, 198, load aligned_pdbs/1A0J.pdb; create 1A0J_10, 1A0J and res 183-198; delete 1A0J; pair_fit 1A0J_10///183+198/C+CA+N, tev///142+154/C+CA+N; 
3, 10, 1A5I, 43, 56, 54, 65, load aligned_pdbs/1A5I.pdb; create 1A5I_3, 1A5I and res 54-65; delete 1A5I; pair_fit 1A5I_3///54+65/C+CA+N, tev///43+56/C+CA+N; 
6, 11, 1A5I, 76, 83, 90, 104, load aligned_pdbs/1A5I.pdb; create 1A5I_6, 1A5I and res 90-104; delete 1A5I; pair_fit 1A5I_6///90+104/C+CA+N, tev///76+83/C+CA+N; 
8, 4, 1A5I, 113, 124, 140, 156, load aligned_pdbs/1A5I.pdb; create 1A5I_8, 1A5I and res 140-156; delete 1A5I; pair_fit 1A5I_8///140+156/C+CA+N, tev///113+124/C+CA+N; 
9, 24, 1A5I, 125, 139, 157, 180, load aligned_pdbs/1A5I.pdb; create 1A5I_9, 1A5I and res 157-180; delete 1A5I; pair_fit 1A5I_9///157+180/C+CA+N, tev///125+139/C+CA+N; 
10, 20, 1A5I, 142, 154, 183, 198, load aligned_pdbs/1A5I.pdb; create 1A5I_10, 1A5I and res 183-198; delete 1A5I; pair_fit 1A5I_10///183+198/C+CA+N, tev///142+154/C+CA+N; 
3, 11, 1AGJ, 43, 55, 69, 84, load aligned_pdbs/1AGJ.pdb; create 1AGJ_3, 1AGJ and res 69-84; delete 1AGJ; pair_fit 1AGJ_3///69+84/C+CA+N, tev///43+55/C+CA+N; 
8, 4, 1AGJ, 113, 124, 160, 171, load aligned_pdbs/1AGJ.pdb; create 1AGJ_8, 1AGJ and res 160-171; delete 1AGJ; pair_fit 1AGJ_8///160+171/C+CA+N, tev///113+124/C+CA+N; 
10, 9, 1AGJ, 142, 154, 186, 198, load aligned_pdbs/1AGJ.pdb; create 1AGJ_10, 1AGJ and res 186-198; delete 1AGJ; pair_fit 1AGJ_10///186+198/C+CA+N, tev///142+154/C+CA+N; 
12, 8, 1AGJ, 171, 176, 214, 223, load aligned_pdbs/1AGJ.pdb; create 1AGJ_12, 1AGJ and res 214-223; delete 1AGJ; pair_fit 1AGJ_12///214+223/C+CA+N, tev///171+176/C+CA+N; 
9, 22, 1AMH, 125, 139, 157, 180, load aligned_pdbs/1AMH.pdb; create 1AMH_9, 1AMH and res 157-180; delete 1AMH; pair_fit 1AMH_9///157+180/C+CA+N, tev///125+139/C+CA+N; 
10, 14, 1AMH, 142, 154, 183, 198, load aligned_pdbs/1AMH.pdb; create 1AMH_10, 1AMH and res 183-198; delete 1AMH; pair_fit 1AMH_10///183+198/C+CA+N, tev///142+154/C+CA+N; 
3, 7, 1AN1, 43, 56, 54, 64, load aligned_pdbs/1AN1.pdb; create 1AN1_3, 1AN1 and res 54-64; delete 1AN1; pair_fit 1AN1_3///54+64/C+CA+N, tev///43+56/C+CA+N; 
9, 22, 1AN1, 125, 139, 157, 180, load aligned_pdbs/1AN1.pdb; create 1AN1_9, 1AN1 and res 157-180; delete 1AN1; pair_fit 1AN1_9///157+180/C+CA+N, tev///125+139/C+CA+N; 
10, 14, 1AN1, 142, 154, 183, 198, load aligned_pdbs/1AN1.pdb; create 1AN1_10, 1AN1 and res 183-198; delete 1AN1; pair_fit 1AN1_10///183+198/C+CA+N, tev///142+154/C+CA+N; 
12, 7, 1AN1, 171, 177, 217, 226, load aligned_pdbs/1AN1.pdb; create 1AN1_12, 1AN1 and res 217-226; delete 1AN1; pair_fit 1AN1_12///217+226/C+CA+N, tev///171+177/C+CA+N; 
6, 22, 1AO5, 76, 83, 90, 104, load aligned_pdbs/1AO5.pdb; create 1AO5_6, 1AO5 and res 90-104; delete 1AO5; pair_fit 1AO5_6///90+104/C+CA+N, tev///76+83/C+CA+N; 
8, 4, 1AO5, 113, 124, 140, 156, load aligned_pdbs/1AO5.pdb; create 1AO5_8, 1AO5 and res 140-156; delete 1AO5; pair_fit 1AO5_8///140+156/C+CA+N, tev///113+124/C+CA+N; 
9, 22, 1AO5, 125, 139, 157, 180, load aligned_pdbs/1AO5.pdb; create 1AO5_9, 1AO5 and res 157-180; delete 1AO5; pair_fit 1AO5_9///157+180/C+CA+N, tev///125+139/C+CA+N; 
10, 14, 1AO5, 142, 154, 183, 198, load aligned_pdbs/1AO5.pdb; create 1AO5_10, 1AO5 and res 183-198; delete 1AO5; pair_fit 1AO5_10///183+198/C+CA+N, tev///142+154/C+CA+N; 
12, 8, 1AO5, 169, 177, 215, 226, load aligned_pdbs/1AO5.pdb; create 1AO5_12, 1AO5 and res 215-226; delete 1AO5; pair_fit 1AO5_12///215+226/C+CA+N, tev///169+177/C+CA+N; 
3, 9, 1AZZ, 43, 55, 54, 63, load aligned_pdbs/1AZZ.pdb; create 1AZZ_3, 1AZZ and res 54-63; delete 1AZZ; pair_fit 1AZZ_3///54+63/C+CA+N, tev///43+55/C+CA+N; 
9, 21, 1AZZ, 125, 139, 157, 180, load aligned_pdbs/1AZZ.pdb; create 1AZZ_9, 1AZZ and res 157-180; delete 1AZZ; pair_fit 1AZZ_9///157+180/C+CA+N, tev///125+139/C+CA+N; 
10, 13, 1AZZ, 142, 154, 183, 198, load aligned_pdbs/1AZZ.pdb; create 1AZZ_10, 1AZZ and res 183-198; delete 1AZZ; pair_fit 1AZZ_10///183+198/C+CA+N, tev///142+154/C+CA+N; 
12, 8, 1AZZ, 171, 177, 217, 226, load aligned_pdbs/1AZZ.pdb; create 1AZZ_12, 1AZZ and res 217-226; delete 1AZZ; pair_fit 1AZZ_12///217+226/C+CA+N, tev///171+177/C+CA+N; 
3, 11, 1B0F, 43, 55, 54, 65, load aligned_pdbs/1B0F.pdb; create 1B0F_3, 1B0F and res 54-65; delete 1B0F; pair_fit 1B0F_3///54+65/C+CA+N, tev///43+55/C+CA+N; 
10, 14, 1B0F, 142, 154, 183, 198, load aligned_pdbs/1B0F.pdb; create 1B0F_10, 1B0F and res 183-198; delete 1B0F; pair_fit 1B0F_10///183+198/C+CA+N, tev///142+154/C+CA+N; 
12, 8, 1B0F, 169, 177, 215, 226, load aligned_pdbs/1B0F.pdb; create 1B0F_12, 1B0F and res 215-226; delete 1B0F; pair_fit 1B0F_12///215+226/C+CA+N, tev///169+177/C+CA+N; 
3, 12, 1BDA, 43, 55, 54, 64, load aligned_pdbs/1BDA.pdb; create 1BDA_3, 1BDA and res 54-64; delete 1BDA; pair_fit 1BDA_3///54+64/C+CA+N, tev///43+55/C+CA+N; 
8, 4, 1BDA, 113, 124, 140, 156, load aligned_pdbs/1BDA.pdb; create 1BDA_8, 1BDA and res 140-156; delete 1BDA; pair_fit 1BDA_8///140+156/C+CA+N, tev///113+124/C+CA+N; 
9, 24, 1BDA, 125, 139, 157, 180, load aligned_pdbs/1BDA.pdb; create 1BDA_9, 1BDA and res 157-180; delete 1BDA; pair_fit 1BDA_9///157+180/C+CA+N, tev///125+139/C+CA+N; 
10, 20, 1BDA, 142, 154, 183, 198, load aligned_pdbs/1BDA.pdb; create 1BDA_10, 1BDA and res 183-198; delete 1BDA; pair_fit 1BDA_10///183+198/C+CA+N, tev///142+154/C+CA+N; 
12, 7, 1BDA, 169, 177, 215, 226, load aligned_pdbs/1BDA.pdb; create 1BDA_12, 1BDA and res 215-226; delete 1BDA; pair_fit 1BDA_12///215+226/C+CA+N, tev///169+177/C+CA+N; 
3, 9, 1BRU, 43, 55, 54, 65, load aligned_pdbs/1BRU.pdb; create 1BRU_3, 1BRU and res 54-65; delete 1BRU; pair_fit 1BRU_3///54+65/C+CA+N, tev///43+55/C+CA+N; 
9, 24, 1BRU, 125, 139, 157, 180, load aligned_pdbs/1BRU.pdb; create 1BRU_9, 1BRU and res 157-180; delete 1BRU; pair_fit 1BRU_9///157+180/C+CA+N, tev///125+139/C+CA+N; 
10, 13, 1BRU, 142, 154, 183, 198, load aligned_pdbs/1BRU.pdb; create 1BRU_10, 1BRU and res 183-198; delete 1BRU; pair_fit 1BRU_10///183+198/C+CA+N, tev///142+154/C+CA+N; 
12, 9, 1BRU, 169, 177, 215, 226, load aligned_pdbs/1BRU.pdb; create 1BRU_12, 1BRU and res 215-226; delete 1BRU; pair_fit 1BRU_12///215+226/C+CA+N, tev///169+177/C+CA+N; 
9, 22, 1C5M, 125, 139, 157, 180, load aligned_pdbs/1C5M.pdb; create 1C5M_9, 1C5M and res 157-180; delete 1C5M; pair_fit 1C5M_9///157+180/C+CA+N, tev///125+139/C+CA+N; 
10, 14, 1C5M, 142, 154, 183, 198, load aligned_pdbs/1C5M.pdb; create 1C5M_10, 1C5M and res 183-198; delete 1C5M; pair_fit 1C5M_10///183+198/C+CA+N, tev///142+154/C+CA+N; 
3, 10, 1CVW, 43, 55, 54, 64, load aligned_pdbs/1CVW.pdb; create 1CVW_3, 1CVW and res 54-64; delete 1CVW; pair_fit 1CVW_3///54+64/C+CA+N, tev///43+55/C+CA+N; 
6, 11, 1CVW, 77, 83, 91, 104, load aligned_pdbs/1CVW.pdb; create 1CVW_6, 1CVW and res 91-104; delete 1CVW; pair_fit 1CVW_6///91+104/C+CA+N, tev///77+83/C+CA+N; 
9, 27, 1CVW, 125, 139, 157, 180, load aligned_pdbs/1CVW.pdb; create 1CVW_9, 1CVW and res 157-180; delete 1CVW; pair_fit 1CVW_9///157+180/C+CA+N, tev///125+139/C+CA+N; 
10, 14, 1CVW, 142, 154, 183, 198, load aligned_pdbs/1CVW.pdb; create 1CVW_10, 1CVW and res 183-198; delete 1CVW; pair_fit 1CVW_10///183+198/C+CA+N, tev///142+154/C+CA+N; 
12, 7, 1CVW, 169, 177, 215, 226, load aligned_pdbs/1CVW.pdb; create 1CVW_12, 1CVW and res 215-226; delete 1CVW; pair_fit 1CVW_12///215+226/C+CA+N, tev///169+177/C+CA+N; 
3, 11, 1EKB, 43, 55, 54, 64, load aligned_pdbs/1EKB.pdb; create 1EKB_3, 1EKB and res 54-64; delete 1EKB; pair_fit 1EKB_3///54+64/C+CA+N, tev///43+55/C+CA+N; 
6, 11, 1EKB, 76, 83, 90, 104, load aligned_pdbs/1EKB.pdb; create 1EKB_6, 1EKB and res 90-104; delete 1EKB; pair_fit 1EKB_6///90+104/C+CA+N, tev///76+83/C+CA+N; 
9, 23, 1EKB, 125, 139, 157, 180, load aligned_pdbs/1EKB.pdb; create 1EKB_9, 1EKB and res 157-180; delete 1EKB; pair_fit 1EKB_9///157+180/C+CA+N, tev///125+139/C+CA+N; 
10, 14, 1EKB, 142, 154, 183, 198, load aligned_pdbs/1EKB.pdb; create 1EKB_10, 1EKB and res 183-198; delete 1EKB; pair_fit 1EKB_10///183+198/C+CA+N, tev///142+154/C+CA+N; 
3, 12, 1EQ9, 43, 55, 54, 63, load aligned_pdbs/1EQ9.pdb; create 1EQ9_3, 1EQ9 and res 54-63; delete 1EQ9; pair_fit 1EQ9_3///54+63/C+CA+N, tev///43+55/C+CA+N; 
6, 11, 1EQ9, 76, 83, 90, 104, load aligned_pdbs/1EQ9.pdb; create 1EQ9_6, 1EQ9 and res 90-104; delete 1EQ9; pair_fit 1EQ9_6///90+104/C+CA+N, tev///76+83/C+CA+N; 
9, 21, 1EQ9, 125, 139, 157, 180, load aligned_pdbs/1EQ9.pdb; create 1EQ9_9, 1EQ9 and res 157-180; delete 1EQ9; pair_fit 1EQ9_9///157+180/C+CA+N, tev///125+139/C+CA+N; 
10, 13, 1EQ9, 142, 154, 183, 198, load aligned_pdbs/1EQ9.pdb; create 1EQ9_10, 1EQ9 and res 183-198; delete 1EQ9; pair_fit 1EQ9_10///183+198/C+CA+N, tev///142+154/C+CA+N; 
12, 6, 1EQ9, 169, 177, 215, 226, load aligned_pdbs/1EQ9.pdb; create 1EQ9_12, 1EQ9 and res 215-226; delete 1EQ9; pair_fit 1EQ9_12///215+226/C+CA+N, tev///169+177/C+CA+N; 
3, 6, 1EZX, 43, 50, 54, 61, load aligned_pdbs/1EZX.pdb; create 1EZX_3, 1EZX and res 54-61; delete 1EZX; pair_fit 1EZX_3///54+61/C+CA+N, tev///43+50/C+CA+N; 
10, 9, 1EZX, 142, 155, 183, 199, load aligned_pdbs/1EZX.pdb; create 1EZX_10, 1EZX and res 183-199; delete 1EZX; pair_fit 1EZX_10///183+199/C+CA+N, tev///142+155/C+CA+N; 
3, 11, 1FDP, 43, 55, 54, 64, load aligned_pdbs/1FDP.pdb; create 1FDP_3, 1FDP and res 54-64; delete 1FDP; pair_fit 1FDP_3///54+64/C+CA+N, tev///43+55/C+CA+N; 
8, 1, 1FDP, 113, 124, 140, 155, load aligned_pdbs/1FDP.pdb; create 1FDP_8, 1FDP and res 140-155; delete 1FDP; pair_fit 1FDP_8///140+155/C+CA+N, tev///113+124/C+CA+N; 
9, 24, 1FDP, 125, 139, 156, 179, load aligned_pdbs/1FDP.pdb; create 1FDP_9, 1FDP and res 156-179; delete 1FDP; pair_fit 1FDP_9///156+179/C+CA+N, tev///125+139/C+CA+N; 
10, 5, 1FDP, 142, 154, 182, 196, load aligned_pdbs/1FDP.pdb; create 1FDP_10, 1FDP and res 182-196; delete 1FDP; pair_fit 1FDP_10///182+196/C+CA+N, tev///142+154/C+CA+N; 
12, 2, 1FDP, 167, 177, 211, 223, load aligned_pdbs/1FDP.pdb; create 1FDP_12, 1FDP and res 211-223; delete 1FDP; pair_fit 1FDP_12///211+223/C+CA+N, tev///167+177/C+CA+N; 
3, 7, 1FI8, 43, 54, 54, 64, load aligned_pdbs/1FI8.pdb; create 1FI8_3, 1FI8 and res 54-64; delete 1FI8; pair_fit 1FI8_3///54+64/C+CA+N, tev///43+54/C+CA+N; 
6, 11, 1FI8, 76, 83, 90, 104, load aligned_pdbs/1FI8.pdb; create 1FI8_6, 1FI8 and res 90-104; delete 1FI8; pair_fit 1FI8_6///90+104/C+CA+N, tev///76+83/C+CA+N; 
9, 23, 1FI8, 125, 139, 157, 180, load aligned_pdbs/1FI8.pdb; create 1FI8_9, 1FI8 and res 157-180; delete 1FI8; pair_fit 1FI8_9///157+180/C+CA+N, tev///125+139/C+CA+N; 
10, 14, 1FI8, 142, 154, 183, 198, load aligned_pdbs/1FI8.pdb; create 1FI8_10, 1FI8 and res 183-198; delete 1FI8; pair_fit 1FI8_10///183+198/C+CA+N, tev///142+154/C+CA+N; 
12, 4, 1FI8, 171, 178, 217, 227, load aligned_pdbs/1FI8.pdb; create 1FI8_12, 1FI8 and res 217-227; delete 1FI8; pair_fit 1FI8_12///217+227/C+CA+N, tev///171+178/C+CA+N; 
3, 12, 1FIW, 43, 55, 54, 63, load aligned_pdbs/1FIW.pdb; create 1FIW_3, 1FIW and res 54-63; delete 1FIW; pair_fit 1FIW_3///54+63/C+CA+N, tev///43+55/C+CA+N; 
8, 4, 1FIW, 113, 124, 140, 156, load aligned_pdbs/1FIW.pdb; create 1FIW_8, 1FIW and res 140-156; delete 1FIW; pair_fit 1FIW_8///140+156/C+CA+N, tev///113+124/C+CA+N; 
9, 24, 1FIW, 125, 139, 157, 180, load aligned_pdbs/1FIW.pdb; create 1FIW_9, 1FIW and res 157-180; delete 1FIW; pair_fit 1FIW_9///157+180/C+CA+N, tev///125+139/C+CA+N; 
10, 14, 1FIW, 142, 154, 183, 198, load aligned_pdbs/1FIW.pdb; create 1FIW_10, 1FIW and res 183-198; delete 1FIW; pair_fit 1FIW_10///183+198/C+CA+N, tev///142+154/C+CA+N; 
12, 7, 1FIW, 169, 177, 215, 226, load aligned_pdbs/1FIW.pdb; create 1FIW_12, 1FIW and res 215-226; delete 1FIW; pair_fit 1FIW_12///215+226/C+CA+N, tev///169+177/C+CA+N; 
3, 12, 1FIZ, 43, 55, 54, 63, load aligned_pdbs/1FIZ.pdb; create 1FIZ_3, 1FIZ and res 54-63; delete 1FIZ; pair_fit 1FIZ_3///54+63/C+CA+N, tev///43+55/C+CA+N; 
6, 11, 1FIZ, 76, 83, 90, 104, load aligned_pdbs/1FIZ.pdb; create 1FIZ_6, 1FIZ and res 90-104; delete 1FIZ; pair_fit 1FIZ_6///90+104/C+CA+N, tev///76+83/C+CA+N; 
8, 4, 1FIZ, 113, 124, 140, 156, load aligned_pdbs/1FIZ.pdb; create 1FIZ_8, 1FIZ and res 140-156; delete 1FIZ; pair_fit 1FIZ_8///140+156/C+CA+N, tev///113+124/C+CA+N; 
9, 24, 1FIZ, 125, 139, 157, 180, load aligned_pdbs/1FIZ.pdb; create 1FIZ_9, 1FIZ and res 157-180; delete 1FIZ; pair_fit 1FIZ_9///157+180/C+CA+N, tev///125+139/C+CA+N; 
10, 14, 1FIZ, 142, 154, 183, 198, load aligned_pdbs/1FIZ.pdb; create 1FIZ_10, 1FIZ and res 183-198; delete 1FIZ; pair_fit 1FIZ_10///183+198/C+CA+N, tev///142+154/C+CA+N; 
3, 11, 1FUJ, 43, 55, 54, 64, load aligned_pdbs/1FUJ.pdb; create 1FUJ_3, 1FUJ and res 54-64; delete 1FUJ; pair_fit 1FUJ_3///54+64/C+CA+N, tev///43+55/C+CA+N; 
10, 14, 1FUJ, 142, 154, 183, 198, load aligned_pdbs/1FUJ.pdb; create 1FUJ_10, 1FUJ and res 183-198; delete 1FUJ; pair_fit 1FUJ_10///183+198/C+CA+N, tev///142+154/C+CA+N; 
12, 8, 1FUJ, 169, 177, 215, 226, load aligned_pdbs/1FUJ.pdb; create 1FUJ_12, 1FUJ and res 215-226; delete 1FUJ; pair_fit 1FUJ_12///215+226/C+CA+N, tev///169+177/C+CA+N; 
3, 9, 1FXY, 43, 56, 54, 65, load aligned_pdbs/1FXY.pdb; create 1FXY_3, 1FXY and res 54-65; delete 1FXY; pair_fit 1FXY_3///54+65/C+CA+N, tev///43+56/C+CA+N; 
9, 22, 1FXY, 125, 139, 157, 180, load aligned_pdbs/1FXY.pdb; create 1FXY_9, 1FXY and res 157-180; delete 1FXY; pair_fit 1FXY_9///157+180/C+CA+N, tev///125+139/C+CA+N; 
10, 14, 1FXY, 142, 154, 183, 198, load aligned_pdbs/1FXY.pdb; create 1FXY_10, 1FXY and res 183-198; delete 1FXY; pair_fit 1FXY_10///183+198/C+CA+N, tev///142+154/C+CA+N; 
12, 7, 1FXY, 169, 177, 215, 226, load aligned_pdbs/1FXY.pdb; create 1FXY_12, 1FXY and res 215-226; delete 1FXY; pair_fit 1FXY_12///215+226/C+CA+N, tev///169+177/C+CA+N; 
3, 10, 1FY1, 43, 56, 38, 52, load aligned_pdbs/1FY1.pdb; create 1FY1_3, 1FY1 and res 38-52; delete 1FY1; pair_fit 1FY1_3///38+52/C+CA+N, tev///43+56/C+CA+N; 
10, 14, 1FY1, 142, 154, 161, 178, load aligned_pdbs/1FY1.pdb; create 1FY1_10, 1FY1 and res 161-178; delete 1FY1; pair_fit 1FY1_10///161+178/C+CA+N, tev///142+154/C+CA+N; 
12, 6, 1FY1, 170, 177, 192, 201, load aligned_pdbs/1FY1.pdb; create 1FY1_12, 1FY1 and res 192-201; delete 1FY1; pair_fit 1FY1_12///192+201/C+CA+N, tev///170+177/C+CA+N; 
3, 7, 1G3C, 43, 56, 54, 64, load aligned_pdbs/1G3C.pdb; create 1G3C_3, 1G3C and res 54-64; delete 1G3C; pair_fit 1G3C_3///54+64/C+CA+N, tev///43+56/C+CA+N; 
9, 22, 1G3C, 125, 139, 157, 180, load aligned_pdbs/1G3C.pdb; create 1G3C_9, 1G3C and res 157-180; delete 1G3C; pair_fit 1G3C_9///157+180/C+CA+N, tev///125+139/C+CA+N; 
10, 14, 1G3C, 142, 154, 183, 198, load aligned_pdbs/1G3C.pdb; create 1G3C_10, 1G3C and res 183-198; delete 1G3C; pair_fit 1G3C_10///183+198/C+CA+N, tev///142+154/C+CA+N; 
12, 7, 1G3C, 169, 177, 215, 226, load aligned_pdbs/1G3C.pdb; create 1G3C_12, 1G3C and res 215-226; delete 1G3C; pair_fit 1G3C_12///215+226/C+CA+N, tev///169+177/C+CA+N; 
3, 11, 1GPZ, 43, 56, 482, 501, load aligned_pdbs/1GPZ.pdb; create 1GPZ_3, 1GPZ and res 482-501; delete 1GPZ; pair_fit 1GPZ_3///482+501/C+CA+N, tev///43+56/C+CA+N; 
9, 16, 1GPZ, 125, 139, 592, 620, load aligned_pdbs/1GPZ.pdb; create 1GPZ_9, 1GPZ and res 592-620; delete 1GPZ; pair_fit 1GPZ_9///592+620/C+CA+N, tev///125+139/C+CA+N; 
10, 14, 1GPZ, 142, 154, 623, 640, load aligned_pdbs/1GPZ.pdb; create 1GPZ_10, 1GPZ and res 623-640; delete 1GPZ; pair_fit 1GPZ_10///623+640/C+CA+N, tev///142+154/C+CA+N; 
12, 5, 1GPZ, 167, 176, 657, 667, load aligned_pdbs/1GPZ.pdb; create 1GPZ_12, 1GPZ and res 657-667; delete 1GPZ; pair_fit 1GPZ_12///657+667/C+CA+N, tev///167+176/C+CA+N; 
3, 7, 1GVL, 43, 56, 54, 65, load aligned_pdbs/1GVL.pdb; create 1GVL_3, 1GVL and res 54-65; delete 1GVL; pair_fit 1GVL_3///54+65/C+CA+N, tev///43+56/C+CA+N; 
6, 11, 1GVL, 76, 83, 90, 104, load aligned_pdbs/1GVL.pdb; create 1GVL_6, 1GVL and res 90-104; delete 1GVL; pair_fit 1GVL_6///90+104/C+CA+N, tev///76+83/C+CA+N; 
9, 22, 1GVL, 125, 139, 157, 180, load aligned_pdbs/1GVL.pdb; create 1GVL_9, 1GVL and res 157-180; delete 1GVL; pair_fit 1GVL_9///157+180/C+CA+N, tev///125+139/C+CA+N; 
10, 14, 1GVL, 142, 154, 183, 198, load aligned_pdbs/1GVL.pdb; create 1GVL_10, 1GVL and res 183-198; delete 1GVL; pair_fit 1GVL_10///183+198/C+CA+N, tev///142+154/C+CA+N; 
3, 7, 1H4W, 43, 56, 54, 64, load aligned_pdbs/1H4W.pdb; create 1H4W_3, 1H4W and res 54-64; delete 1H4W; pair_fit 1H4W_3///54+64/C+CA+N, tev///43+56/C+CA+N; 
9, 22, 1H4W, 125, 139, 157, 180, load aligned_pdbs/1H4W.pdb; create 1H4W_9, 1H4W and res 157-180; delete 1H4W; pair_fit 1H4W_9///157+180/C+CA+N, tev///125+139/C+CA+N; 
10, 14, 1H4W, 142, 154, 183, 198, load aligned_pdbs/1H4W.pdb; create 1H4W_10, 1H4W and res 183-198; delete 1H4W; pair_fit 1H4W_10///183+198/C+CA+N, tev///142+154/C+CA+N; 
12, 7, 1H4W, 169, 177, 215, 226, load aligned_pdbs/1H4W.pdb; create 1H4W_12, 1H4W and res 215-226; delete 1H4W; pair_fit 1H4W_12///215+226/C+CA+N, tev///169+177/C+CA+N; 
3, 9, 1HYL, 43, 54, 54, 63, load aligned_pdbs/1HYL.pdb; create 1HYL_3, 1HYL and res 54-63; delete 1HYL; pair_fit 1HYL_3///54+63/C+CA+N, tev///43+54/C+CA+N; 
6, 11, 1HYL, 76, 83, 90, 104, load aligned_pdbs/1HYL.pdb; create 1HYL_6, 1HYL and res 90-104; delete 1HYL; pair_fit 1HYL_6///90+104/C+CA+N, tev///76+83/C+CA+N; 
9, 23, 1HYL, 125, 139, 157, 180, load aligned_pdbs/1HYL.pdb; create 1HYL_9, 1HYL and res 157-180; delete 1HYL; pair_fit 1HYL_9///157+180/C+CA+N, tev///125+139/C+CA+N; 
10, 13, 1HYL, 142, 154, 183, 198, load aligned_pdbs/1HYL.pdb; create 1HYL_10, 1HYL and res 183-198; delete 1HYL; pair_fit 1HYL_10///183+198/C+CA+N, tev///142+154/C+CA+N; 
12, 8, 1HYL, 169, 177, 215, 226, load aligned_pdbs/1HYL.pdb; create 1HYL_12, 1HYL and res 215-226; delete 1HYL; pair_fit 1HYL_12///215+226/C+CA+N, tev///169+177/C+CA+N; 
3, 9, 1KIG, 43, 57, 54, 66, load aligned_pdbs/1KIG.pdb; create 1KIG_3, 1KIG and res 54-66; delete 1KIG; pair_fit 1KIG_3///54+66/C+CA+N, tev///43+57/C+CA+N; 
8, 4, 1KIG, 113, 124, 140, 156, load aligned_pdbs/1KIG.pdb; create 1KIG_8, 1KIG and res 140-156; delete 1KIG; pair_fit 1KIG_8///140+156/C+CA+N, tev///113+124/C+CA+N; 
9, 22, 1KIG, 125, 139, 157, 180, load aligned_pdbs/1KIG.pdb; create 1KIG_9, 1KIG and res 157-180; delete 1KIG; pair_fit 1KIG_9///157+180/C+CA+N, tev///125+139/C+CA+N; 
10, 14, 1KIG, 142, 154, 183, 198, load aligned_pdbs/1KIG.pdb; create 1KIG_10, 1KIG and res 183-198; delete 1KIG; pair_fit 1KIG_10///183+198/C+CA+N, tev///142+154/C+CA+N; 
12, 7, 1KIG, 169, 176, 215, 225, load aligned_pdbs/1KIG.pdb; create 1KIG_12, 1KIG and res 215-225; delete 1KIG; pair_fit 1KIG_12///215+225/C+CA+N, tev///169+176/C+CA+N; 
3, 9, 1KY9, 43, 54, 102, 112, load aligned_pdbs/1KY9.pdb; create 1KY9_3, 1KY9 and res 102-112; delete 1KY9; pair_fit 1KY9_3///102+112/C+CA+N, tev///43+54/C+CA+N; 
8, 3, 1KY9, 113, 124, 168, 176, load aligned_pdbs/1KY9.pdb; create 1KY9_8, 1KY9 and res 168-176; delete 1KY9; pair_fit 1KY9_8///168+176/C+CA+N, tev///113+124/C+CA+N; 
10, 10, 1KY9, 142, 154, 201, 213, load aligned_pdbs/1KY9.pdb; create 1KY9_10, 1KY9 and res 201-213; delete 1KY9; pair_fit 1KY9_10///201+213/C+CA+N, tev///142+154/C+CA+N; 
12, 4, 1KY9, 168, 177, 226, 239, load aligned_pdbs/1KY9.pdb; create 1KY9_12, 1KY9 and res 226-239; delete 1KY9; pair_fit 1KY9_12///226+239/C+CA+N, tev///168+177/C+CA+N; 
1, 27, 1L1J, 24, 28, 46, 77, load aligned_pdbs/1L1J.pdb; create 1L1J_1, 1L1J and res 46-77; delete 1L1J; pair_fit 1L1J_1///46+77/C+CA+N, tev///24+28/C+CA+N; 
3, 9, 1L1J, 43, 56, 94, 106, load aligned_pdbs/1L1J.pdb; create 1L1J_3, 1L1J and res 94-106; delete 1L1J; pair_fit 1L1J_3///94+106/C+CA+N, tev///43+56/C+CA+N; 
9, 23, 1L1J, 125, 139, 170, 194, load aligned_pdbs/1L1J.pdb; create 1L1J_9, 1L1J and res 170-194; delete 1L1J; pair_fit 1L1J_9///170+194/C+CA+N, tev///125+139/C+CA+N; 
10, 9, 1L1J, 142, 154, 197, 209, load aligned_pdbs/1L1J.pdb; create 1L1J_10, 1L1J and res 197-209; delete 1L1J; pair_fit 1L1J_10///197+209/C+CA+N, tev///142+154/C+CA+N; 
12, 4, 1L1J, 167, 177, 221, 234, load aligned_pdbs/1L1J.pdb; create 1L1J_12, 1L1J and res 221-234; delete 1L1J; pair_fit 1L1J_12///221+234/C+CA+N, tev///167+177/C+CA+N; 
3, 11, 1M9U, 43, 55, 54, 64, load aligned_pdbs/1M9U.pdb; create 1M9U_3, 1M9U and res 54-64; delete 1M9U; pair_fit 1M9U_3///54+64/C+CA+N, tev///43+55/C+CA+N; 
6, 13, 1M9U, 76, 83, 90, 104, load aligned_pdbs/1M9U.pdb; create 1M9U_6, 1M9U and res 90-104; delete 1M9U; pair_fit 1M9U_6///90+104/C+CA+N, tev///76+83/C+CA+N; 
8, 4, 1M9U, 113, 124, 140, 156, load aligned_pdbs/1M9U.pdb; create 1M9U_8, 1M9U and res 140-156; delete 1M9U; pair_fit 1M9U_8///140+156/C+CA+N, tev///113+124/C+CA+N; 
9, 26, 1M9U, 125, 139, 157, 180, load aligned_pdbs/1M9U.pdb; create 1M9U_9, 1M9U and res 157-180; delete 1M9U; pair_fit 1M9U_9///157+180/C+CA+N, tev///125+139/C+CA+N; 
10, 14, 1M9U, 142, 154, 183, 198, load aligned_pdbs/1M9U.pdb; create 1M9U_10, 1M9U and res 183-198; delete 1M9U; pair_fit 1M9U_10///183+198/C+CA+N, tev///142+154/C+CA+N; 
12, 10, 1M9U, 169, 178, 215, 227, load aligned_pdbs/1M9U.pdb; create 1M9U_12, 1M9U and res 215-227; delete 1M9U; pair_fit 1M9U_12///215+227/C+CA+N, tev///169+178/C+CA+N; 
3, 9, 1MBM, 43, 56, 36, 48, load aligned_pdbs/1MBM.pdb; create 1MBM_3, 1MBM and res 36-48; delete 1MBM; pair_fit 1MBM_3///36+48/C+CA+N, tev///43+56/C+CA+N; 
10, 9, 1MBM, 142, 154, 111, 123, load aligned_pdbs/1MBM.pdb; create 1MBM_10, 1MBM and res 111-123; delete 1MBM; pair_fit 1MBM_10///111+123/C+CA+N, tev///142+154/C+CA+N; 
3, 17, 1MKW, 43, 55, 54, 64, load aligned_pdbs/1MKW.pdb; create 1MKW_3, 1MKW and res 54-64; delete 1MKW; pair_fit 1MKW_3///54+64/C+CA+N, tev///43+55/C+CA+N; 
9, 22, 1MKW, 125, 139, 157, 180, load aligned_pdbs/1MKW.pdb; create 1MKW_9, 1MKW and res 157-180; delete 1MKW; pair_fit 1MKW_9///157+180/C+CA+N, tev///125+139/C+CA+N; 
10, 17, 1MKW, 142, 154, 183, 198, load aligned_pdbs/1MKW.pdb; create 1MKW_10, 1MKW and res 183-198; delete 1MKW; pair_fit 1MKW_10///183+198/C+CA+N, tev///142+154/C+CA+N; 
3, 12, 1MZA, 43, 55, 54, 64, load aligned_pdbs/1MZA.pdb; create 1MZA_3, 1MZA and res 54-64; delete 1MZA; pair_fit 1MZA_3///54+64/C+CA+N, tev///43+55/C+CA+N; 
6, 11, 1MZA, 76, 83, 90, 104, load aligned_pdbs/1MZA.pdb; create 1MZA_6, 1MZA and res 90-104; delete 1MZA; pair_fit 1MZA_6///90+104/C+CA+N, tev///76+83/C+CA+N; 
8, 4, 1MZA, 113, 124, 140, 156, load aligned_pdbs/1MZA.pdb; create 1MZA_8, 1MZA and res 140-156; delete 1MZA; pair_fit 1MZA_8///140+156/C+CA+N, tev///113+124/C+CA+N; 
9, 26, 1MZA, 125, 139, 157, 180, load aligned_pdbs/1MZA.pdb; create 1MZA_9, 1MZA and res 157-180; delete 1MZA; pair_fit 1MZA_9///157+180/C+CA+N, tev///125+139/C+CA+N; 
10, 14, 1MZA, 142, 154, 183, 198, load aligned_pdbs/1MZA.pdb; create 1MZA_10, 1MZA and res 183-198; delete 1MZA; pair_fit 1MZA_10///183+198/C+CA+N, tev///142+154/C+CA+N; 
3, 7, 1NPM, 43, 56, 54, 64, load aligned_pdbs/1NPM.pdb; create 1NPM_3, 1NPM and res 54-64; delete 1NPM; pair_fit 1NPM_3///54+64/C+CA+N, tev///43+56/C+CA+N; 
6, 14, 1NPM, 76, 83, 90, 104, load aligned_pdbs/1NPM.pdb; create 1NPM_6, 1NPM and res 90-104; delete 1NPM; pair_fit 1NPM_6///90+104/C+CA+N, tev///76+83/C+CA+N; 
9, 22, 1NPM, 125, 139, 157, 180, load aligned_pdbs/1NPM.pdb; create 1NPM_9, 1NPM and res 157-180; delete 1NPM; pair_fit 1NPM_9///157+180/C+CA+N, tev///125+139/C+CA+N; 
10, 13, 1NPM, 142, 154, 183, 198, load aligned_pdbs/1NPM.pdb; create 1NPM_10, 1NPM and res 183-198; delete 1NPM; pair_fit 1NPM_10///183+198/C+CA+N, tev///142+154/C+CA+N; 
3, 7, 1OP0, 43, 56, 54, 65, load aligned_pdbs/1OP0.pdb; create 1OP0_3, 1OP0 and res 54-65; delete 1OP0; pair_fit 1OP0_3///54+65/C+CA+N, tev///43+56/C+CA+N; 
9, 23, 1OP0, 125, 139, 157, 180, load aligned_pdbs/1OP0.pdb; create 1OP0_9, 1OP0 and res 157-180; delete 1OP0; pair_fit 1OP0_9///157+180/C+CA+N, tev///125+139/C+CA+N; 
10, 14, 1OP0, 142, 154, 183, 198, load aligned_pdbs/1OP0.pdb; create 1OP0_10, 1OP0 and res 183-198; delete 1OP0; pair_fit 1OP0_10///183+198/C+CA+N, tev///142+154/C+CA+N; 
12, 8, 1OP0, 169, 177, 215, 226, load aligned_pdbs/1OP0.pdb; create 1OP0_12, 1OP0 and res 215-226; delete 1OP0; pair_fit 1OP0_12///215+226/C+CA+N, tev///169+177/C+CA+N; 
3, 8, 1OP8, 43, 56, 54, 65, load aligned_pdbs/1OP8.pdb; create 1OP8_3, 1OP8 and res 54-65; delete 1OP8; pair_fit 1OP8_3///54+65/C+CA+N, tev///43+56/C+CA+N; 
8, 4, 1OP8, 113, 124, 140, 156, load aligned_pdbs/1OP8.pdb; create 1OP8_8, 1OP8 and res 140-156; delete 1OP8; pair_fit 1OP8_8///140+156/C+CA+N, tev///113+124/C+CA+N; 
9, 26, 1OP8, 125, 139, 157, 180, load aligned_pdbs/1OP8.pdb; create 1OP8_9, 1OP8 and res 157-180; delete 1OP8; pair_fit 1OP8_9///157+180/C+CA+N, tev///125+139/C+CA+N; 
10, 14, 1OP8, 142, 154, 183, 198, load aligned_pdbs/1OP8.pdb; create 1OP8_10, 1OP8 and res 183-198; delete 1OP8; pair_fit 1OP8_10///183+198/C+CA+N, tev///142+154/C+CA+N; 
12, 9, 1OP8, 169, 177, 215, 226, load aligned_pdbs/1OP8.pdb; create 1OP8_12, 1OP8 and res 215-226; delete 1OP8; pair_fit 1OP8_12///215+226/C+CA+N, tev///169+177/C+CA+N; 
3, 15, 1P3C, 43, 56, 44, 62, load aligned_pdbs/1P3C.pdb; create 1P3C_3, 1P3C and res 44-62; delete 1P3C; pair_fit 1P3C_3///44+62/C+CA+N, tev///43+56/C+CA+N; 
10, 9, 1P3C, 142, 154, 162, 174, load aligned_pdbs/1P3C.pdb; create 1P3C_10, 1P3C and res 162-174; delete 1P3C; pair_fit 1P3C_10///162+174/C+CA+N, tev///142+154/C+CA+N; 
12, 4, 1P3C, 171, 176, 190, 195, load aligned_pdbs/1P3C.pdb; create 1P3C_12, 1P3C and res 190-195; delete 1P3C; pair_fit 1P3C_12///190+195/C+CA+N, tev///171+176/C+CA+N; 
3, 9, 1PFX, 43, 56, 54, 65, load aligned_pdbs/1PFX.pdb; create 1PFX_3, 1PFX and res 54-65; delete 1PFX; pair_fit 1PFX_3///54+65/C+CA+N, tev///43+56/C+CA+N; 
6, 13, 1PFX, 76, 83, 90, 104, load aligned_pdbs/1PFX.pdb; create 1PFX_6, 1PFX and res 90-104; delete 1PFX; pair_fit 1PFX_6///90+104/C+CA+N, tev///76+83/C+CA+N; 
9, 22, 1PFX, 125, 139, 157, 180, load aligned_pdbs/1PFX.pdb; create 1PFX_9, 1PFX and res 157-180; delete 1PFX; pair_fit 1PFX_9///157+180/C+CA+N, tev///125+139/C+CA+N; 
10, 14, 1PFX, 142, 155, 183, 199, load aligned_pdbs/1PFX.pdb; create 1PFX_10, 1PFX and res 183-199; delete 1PFX; pair_fit 1PFX_10///183+199/C+CA+N, tev///142+155/C+CA+N; 
12, 7, 1PFX, 169, 177, 215, 226, load aligned_pdbs/1PFX.pdb; create 1PFX_12, 1PFX and res 215-226; delete 1PFX; pair_fit 1PFX_12///215+226/C+CA+N, tev///169+177/C+CA+N; 
3, 14, 1QA7, 43, 54, 41, 56, load aligned_pdbs/1QA7.pdb; create 1QA7_3, 1QA7 and res 41-56; delete 1QA7; pair_fit 1QA7_3///41+56/C+CA+N, tev///43+54/C+CA+N; 
9, 30, 1QA7, 125, 139, 129, 160, load aligned_pdbs/1QA7.pdb; create 1QA7_9, 1QA7 and res 129-160; delete 1QA7; pair_fit 1QA7_9///129+160/C+CA+N, tev///125+139/C+CA+N; 
10, 9, 1QA7, 142, 154, 163, 175, load aligned_pdbs/1QA7.pdb; create 1QA7_10, 1QA7 and res 163-175; delete 1QA7; pair_fit 1QA7_10///163+175/C+CA+N, tev///142+154/C+CA+N; 
3, 11, 1QTF, 43, 55, 62, 77, load aligned_pdbs/1QTF.pdb; create 1QTF_3, 1QTF and res 62-77; delete 1QTF; pair_fit 1QTF_3///62+77/C+CA+N, tev///43+55/C+CA+N; 
10, 9, 1QTF, 142, 154, 177, 189, load aligned_pdbs/1QTF.pdb; create 1QTF_10, 1QTF and res 177-189; delete 1QTF; pair_fit 1QTF_10///177+189/C+CA+N, tev///142+154/C+CA+N; 
12, 3, 1QTF, 170, 176, 204, 210, load aligned_pdbs/1QTF.pdb; create 1QTF_12, 1QTF and res 204-210; delete 1QTF; pair_fit 1QTF_12///204+210/C+CA+N, tev///170+176/C+CA+N; 
3, 11, 1QY6, 43, 55, 48, 63, load aligned_pdbs/1QY6.pdb; create 1QY6_3, 1QY6 and res 48-63; delete 1QY6; pair_fit 1QY6_3///48+63/C+CA+N, tev///43+55/C+CA+N; 
10, 9, 1QY6, 142, 154, 160, 172, load aligned_pdbs/1QY6.pdb; create 1QY6_10, 1QY6 and res 160-172; delete 1QY6; pair_fit 1QY6_10///160+172/C+CA+N, tev///142+154/C+CA+N; 
12, 3, 1QY6, 171, 176, 188, 192, load aligned_pdbs/1QY6.pdb; create 1QY6_12, 1QY6 and res 188-192; delete 1QY6; pair_fit 1QY6_12///188+192/C+CA+N, tev///171+176/C+CA+N; 
3, 7, 1RGQ, 43, 51, 57, 65, load aligned_pdbs/1RGQ.pdb; create 1RGQ_3, 1RGQ and res 57-65; delete 1RGQ; pair_fit 1RGQ_3///57+65/C+CA+N, tev///43+51/C+CA+N; 
10, 15, 1RGQ, 142, 154, 127, 145, load aligned_pdbs/1RGQ.pdb; create 1RGQ_10, 1RGQ and res 127-145; delete 1RGQ; pair_fit 1RGQ_10///127+145/C+CA+N, tev///142+154/C+CA+N; 
12, 7, 1RGQ, 171, 176, 161, 169, load aligned_pdbs/1RGQ.pdb; create 1RGQ_12, 1RGQ and res 161-169; delete 1RGQ; pair_fit 1RGQ_12///161+169/C+CA+N, tev///171+176/C+CA+N; 
3, 11, 1SHY, 43, 55, 531, 544, load aligned_pdbs/1SHY.pdb; create 1SHY_3, 1SHY and res 531-544; delete 1SHY; pair_fit 1SHY_3///531+544/C+CA+N, tev///43+55/C+CA+N; 
9, 24, 1SHY, 125, 139, 631, 656, load aligned_pdbs/1SHY.pdb; create 1SHY_9, 1SHY and res 631-656; delete 1SHY; pair_fit 1SHY_9///631+656/C+CA+N, tev///125+139/C+CA+N; 
10, 14, 1SHY, 142, 154, 659, 676, load aligned_pdbs/1SHY.pdb; create 1SHY_10, 1SHY and res 659-676; delete 1SHY; pair_fit 1SHY_10///659+676/C+CA+N, tev///142+154/C+CA+N; 
12, 7, 1SHY, 166, 177, 690, 704, load aligned_pdbs/1SHY.pdb; create 1SHY_12, 1SHY and res 690-704; delete 1SHY; pair_fit 1SHY_12///690+704/C+CA+N, tev///166+177/C+CA+N; 
3, 7, 1SPJ, 43, 55, 54, 64, load aligned_pdbs/1SPJ.pdb; create 1SPJ_3, 1SPJ and res 54-64; delete 1SPJ; pair_fit 1SPJ_3///54+64/C+CA+N, tev///43+55/C+CA+N; 
6, 20, 1SPJ, 76, 83, 90, 104, load aligned_pdbs/1SPJ.pdb; create 1SPJ_6, 1SPJ and res 90-104; delete 1SPJ; pair_fit 1SPJ_6///90+104/C+CA+N, tev///76+83/C+CA+N; 
9, 22, 1SPJ, 125, 139, 157, 180, load aligned_pdbs/1SPJ.pdb; create 1SPJ_9, 1SPJ and res 157-180; delete 1SPJ; pair_fit 1SPJ_9///157+180/C+CA+N, tev///125+139/C+CA+N; 
10, 14, 1SPJ, 142, 154, 183, 198, load aligned_pdbs/1SPJ.pdb; create 1SPJ_10, 1SPJ and res 183-198; delete 1SPJ; pair_fit 1SPJ_10///183+198/C+CA+N, tev///142+154/C+CA+N; 
3, 5, 1SVP, 43, 56, 138, 145, load aligned_pdbs/1SVP.pdb; create 1SVP_3, 1SVP and res 138-145; delete 1SVP; pair_fit 1SVP_3///138+145/C+CA+N, tev///43+56/C+CA+N; 
10, 12, 1SVP, 142, 154, 203, 218, load aligned_pdbs/1SVP.pdb; create 1SVP_10, 1SVP and res 203-218; delete 1SVP; pair_fit 1SVP_10///203+218/C+CA+N, tev///142+154/C+CA+N; 
12, 6, 1SVP, 171, 176, 234, 241, load aligned_pdbs/1SVP.pdb; create 1SVP_12, 1SVP and res 234-241; delete 1SVP; pair_fit 1SVP_12///234+241/C+CA+N, tev///171+176/C+CA+N; 
C, 15, 1SVP, 181, None, 246, None, load aligned_pdbs/1SVP.pdb; create 1SVP_C, 1SVP and res 246-None; delete 1SVP; pair_fit 1SVP_C///246+None/C+CA+N, tev///181+None/C+CA+N; 
3, 7, 1TRN, 43, 56, 54, 64, load aligned_pdbs/1TRN.pdb; create 1TRN_3, 1TRN and res 54-64; delete 1TRN; pair_fit 1TRN_3///54+64/C+CA+N, tev///43+56/C+CA+N; 
9, 22, 1TRN, 125, 139, 157, 180, load aligned_pdbs/1TRN.pdb; create 1TRN_9, 1TRN and res 157-180; delete 1TRN; pair_fit 1TRN_9///157+180/C+CA+N, tev///125+139/C+CA+N; 
10, 14, 1TRN, 142, 154, 183, 198, load aligned_pdbs/1TRN.pdb; create 1TRN_10, 1TRN and res 183-198; delete 1TRN; pair_fit 1TRN_10///183+198/C+CA+N, tev///142+154/C+CA+N; 
12, 7, 1TRN, 169, 177, 215, 226, load aligned_pdbs/1TRN.pdb; create 1TRN_12, 1TRN and res 215-226; delete 1TRN; pair_fit 1TRN_12///215+226/C+CA+N, tev///169+177/C+CA+N; 
3, 12, 1YC0, 43, 55, 444, 458, load aligned_pdbs/1YC0.pdb; create 1YC0_3, 1YC0 and res 444-458; delete 1YC0; pair_fit 1YC0_3///444+458/C+CA+N, tev///43+55/C+CA+N; 
6, 12, 1YC0, 76, 83, 484, 499, load aligned_pdbs/1YC0.pdb; create 1YC0_6, 1YC0 and res 484-499; delete 1YC0; pair_fit 1YC0_6///484+499/C+CA+N, tev///76+83/C+CA+N; 
9, 24, 1YC0, 125, 139, 556, 581, load aligned_pdbs/1YC0.pdb; create 1YC0_9, 1YC0 and res 556-581; delete 1YC0; pair_fit 1YC0_9///556+581/C+CA+N, tev///125+139/C+CA+N; 
10, 14, 1YC0, 142, 154, 584, 601, load aligned_pdbs/1YC0.pdb; create 1YC0_10, 1YC0 and res 584-601; delete 1YC0; pair_fit 1YC0_10///584+601/C+CA+N, tev///142+154/C+CA+N; 
12, 7, 1YC0, 169, 177, 618, 629, load aligned_pdbs/1YC0.pdb; create 1YC0_12, 1YC0 and res 618-629; delete 1YC0; pair_fit 1YC0_12///618+629/C+CA+N, tev///169+177/C+CA+N; 
3, 11, 1ZJK, 43, 55, 480, 495, load aligned_pdbs/1ZJK.pdb; create 1ZJK_3, 1ZJK and res 480-495; delete 1ZJK; pair_fit 1ZJK_3///480+495/C+CA+N, tev///43+55/C+CA+N; 
6, 12, 1ZJK, 76, 83, 519, 534, load aligned_pdbs/1ZJK.pdb; create 1ZJK_6, 1ZJK and res 519-534; delete 1ZJK; pair_fit 1ZJK_6///519+534/C+CA+N, tev///76+83/C+CA+N; 
9, 28, 1ZJK, 125, 139, 587, 616, load aligned_pdbs/1ZJK.pdb; create 1ZJK_9, 1ZJK and res 587-616; delete 1ZJK; pair_fit 1ZJK_9///587+616/C+CA+N, tev///125+139/C+CA+N; 
10, 14, 1ZJK, 142, 154, 619, 636, load aligned_pdbs/1ZJK.pdb; create 1ZJK_10, 1ZJK and res 619-636; delete 1ZJK; pair_fit 1ZJK_10///619+636/C+CA+N, tev///142+154/C+CA+N; 
12, 6, 1ZJK, 170, 177, 656, 667, load aligned_pdbs/1ZJK.pdb; create 1ZJK_12, 1ZJK and res 656-667; delete 1ZJK; pair_fit 1ZJK_12///656+667/C+CA+N, tev///170+177/C+CA+N; 
10, 9, 1LVM, 142, 154, 142, 154, load aligned_pdbs/1LVM.pdb; create 1LVM_10, 1LVM and res 142-154; delete 1LVM; pair_fit 1LVM_10///142+154/C+CA+N, tev///142+154/C+CA+N; 
12, 4, 1LVM, 171, 177, 171, 177, load aligned_pdbs/1LVM.pdb; create 1LVM_12, 1LVM and res 171-177; delete 1LVM; pair_fit 1LVM_12///171+177/C+CA+N, tev///171+177/C+CA+N; 
C, 39, 1LVM, 181, None, 181, None, load aligned_pdbs/1LVM.pdb; create 1LVM_C, 1LVM and res 181-None; delete 1LVM; pair_fit 1LVM_C///181+None/C+CA+N, tev///181+None/C+CA+N; 
3, 24, 1LVO, 43, 56, 38, 66, load aligned_pdbs/1LVO.pdb; create 1LVO_3, 1LVO and res 38-66; delete 1LVO; pair_fit 1LVO_3///38+66/C+CA+N, tev///43+56/C+CA+N; 
10, 9, 1LVO, 142, 154, 135, 147, load aligned_pdbs/1LVO.pdb; create 1LVO_10, 1LVO and res 135-147; delete 1LVO; pair_fit 1LVO_10///135+147/C+CA+N, tev///142+154/C+CA+N; 
12, 3, 1LVO, 170, 177, 165, 171, load aligned_pdbs/1LVO.pdb; create 1LVO_12, 1LVO and res 165-171; delete 1LVO; pair_fit 1LVO_12///165+171/C+CA+N, tev///170+177/C+CA+N; 
C, 14, 1LVO, 180, None, 174, None, load aligned_pdbs/1LVO.pdb; create 1LVO_C, 1LVO and res 174-None; delete 1LVO; pair_fit 1LVO_C///174+None/C+CA+N, tev///180+None/C+CA+N; 
3, 10, 2AS9, 43, 56, 37, 50, load aligned_pdbs/2AS9.pdb; create 2AS9_3, 2AS9 and res 37-50; delete 2AS9; pair_fit 2AS9_3///37+50/C+CA+N, tev///43+56/C+CA+N; 
10, 9, 2AS9, 142, 154, 149, 161, load aligned_pdbs/2AS9.pdb; create 2AS9_10, 2AS9 and res 149-161; delete 2AS9; pair_fit 2AS9_10///149+161/C+CA+N, tev///142+154/C+CA+N; 
12, 4, 2AS9, 167, 177, 173, 185, load aligned_pdbs/2AS9.pdb; create 2AS9_12, 2AS9 and res 173-185; delete 2AS9; pair_fit 2AS9_12///173+185/C+CA+N, tev///167+177/C+CA+N; 
3, 10, 2J92, 43, 54, 43, 54, load aligned_pdbs/2J92.pdb; create 2J92_3, 2J92 and res 43-54; delete 2J92; pair_fit 2J92_3///43+54/C+CA+N, tev///43+54/C+CA+N; 
9, 22, 2J92, 125, 139, 128, 151, load aligned_pdbs/2J92.pdb; create 2J92_9, 2J92 and res 128-151; delete 2J92; pair_fit 2J92_9///128+151/C+CA+N, tev///125+139/C+CA+N; 
10, 9, 2J92, 142, 154, 154, 166, load aligned_pdbs/2J92.pdb; create 2J92_10, 2J92 and res 154-166; delete 2J92; pair_fit 2J92_10///154+166/C+CA+N, tev///142+154/C+CA+N; 
3, 17, 2PUX, 43, 55, 54, 64, load aligned_pdbs/2PUX.pdb; create 2PUX_3, 2PUX and res 54-64; delete 2PUX; pair_fit 2PUX_3///54+64/C+CA+N, tev///43+55/C+CA+N; 
9, 22, 2PUX, 125, 139, 157, 180, load aligned_pdbs/2PUX.pdb; create 2PUX_9, 2PUX and res 157-180; delete 2PUX; pair_fit 2PUX_9///157+180/C+CA+N, tev///125+139/C+CA+N; 
10, 17, 2PUX, 142, 154, 183, 198, load aligned_pdbs/2PUX.pdb; create 2PUX_10, 2PUX and res 183-198; delete 2PUX; pair_fit 2PUX_10///183+198/C+CA+N, tev///142+154/C+CA+N; 
12, 7, 2PUX, 169, 177, 215, 226, load aligned_pdbs/2PUX.pdb; create 2PUX_12, 2PUX and res 215-226; delete 2PUX; pair_fit 2PUX_12///215+226/C+CA+N, tev///169+177/C+CA+N; 
3, 13, 2QY0, 43, 57, 482, 502, load aligned_pdbs/2QY0.pdb; create 2QY0_3, 2QY0 and res 482-502; delete 2QY0; pair_fit 2QY0_3///482+502/C+CA+N, tev///43+57/C+CA+N; 
6, 14, 2QY0, 76, 83, 525, 542, load aligned_pdbs/2QY0.pdb; create 2QY0_6, 2QY0 and res 525-542; delete 2QY0; pair_fit 2QY0_6///525+542/C+CA+N, tev///76+83/C+CA+N; 
9, 27, 2QY0, 125, 139, 592, 620, load aligned_pdbs/2QY0.pdb; create 2QY0_9, 2QY0 and res 592-620; delete 2QY0; pair_fit 2QY0_9///592+620/C+CA+N, tev///125+139/C+CA+N; 
10, 14, 2QY0, 142, 154, 623, 640, load aligned_pdbs/2QY0.pdb; create 2QY0_10, 2QY0 and res 623-640; delete 2QY0; pair_fit 2QY0_10///623+640/C+CA+N, tev///142+154/C+CA+N; 
3, 11, 2W7U, 43, 57, 36, 51, load aligned_pdbs/2W7U.pdb; create 2W7U_3, 2W7U and res 36-51; delete 2W7U; pair_fit 2W7U_3///36+51/C+CA+N, tev///43+57/C+CA+N; 
10, 9, 2W7U, 142, 154, 145, 157, load aligned_pdbs/2W7U.pdb; create 2W7U_10, 2W7U and res 145-157; delete 2W7U; pair_fit 2W7U_10///145+157/C+CA+N, tev///142+154/C+CA+N; 
12, 6, 2W7U, 169, 177, 171, 181, load aligned_pdbs/2W7U.pdb; create 2W7U_12, 2W7U and res 171-181; delete 2W7U; pair_fit 2W7U_12///171+181/C+CA+N, tev///169+177/C+CA+N; 
3, 5, 2WV9, 43, 49, 47, 53, load aligned_pdbs/2WV9.pdb; create 2WV9_3, 2WV9 and res 47-53; delete 2WV9; pair_fit 2WV9_3///47+53/C+CA+N, tev///43+49/C+CA+N; 
8, 1, 2WV9, 113, 124, 98, 106, load aligned_pdbs/2WV9.pdb; create 2WV9_8, 2WV9 and res 98-106; delete 2WV9; pair_fit 2WV9_8///98+106/C+CA+N, tev///113+124/C+CA+N; 
10, 9, 2WV9, 142, 154, 125, 137, load aligned_pdbs/2WV9.pdb; create 2WV9_10, 2WV9 and res 125-137; delete 2WV9; pair_fit 2WV9_10///125+137/C+CA+N, tev///142+154/C+CA+N; 
12, 7, 2WV9, 171, 176, 153, 161, load aligned_pdbs/2WV9.pdb; create 2WV9_12, 2WV9 and res 153-161; delete 2WV9; pair_fit 2WV9_12///153+161/C+CA+N, tev///171+176/C+CA+N; 
1, 2, 2YOL, 25, 28, 1028, 1033, load aligned_pdbs/2YOL.pdb; create 2YOL_1, 2YOL and res 1028-1033; delete 2YOL; pair_fit 2YOL_1///1028+1033/C+CA+N, tev///25+28/C+CA+N; 
3, 8, 2YOL, 43, 55, 1048, 1058, load aligned_pdbs/2YOL.pdb; create 2YOL_3, 2YOL and res 1048-1058; delete 2YOL; pair_fit 2YOL_3///1048+1058/C+CA+N, tev///43+55/C+CA+N; 
8, 2, 2YOL, 113, 124, 1099, 1107, load aligned_pdbs/2YOL.pdb; create 2YOL_8, 2YOL and res 1099-1107; delete 2YOL; pair_fit 2YOL_8///1099+1107/C+CA+N, tev///113+124/C+CA+N; 
10, 9, 2YOL, 142, 154, 1126, 1138, load aligned_pdbs/2YOL.pdb; create 2YOL_10, 2YOL and res 1126-1138; delete 2YOL; pair_fit 2YOL_10///1126+1138/C+CA+N, tev///142+154/C+CA+N; 
12, 6, 2YOL, 171, 176, 1154, 1161, load aligned_pdbs/2YOL.pdb; create 2YOL_12, 2YOL and res 1154-1161; delete 2YOL; pair_fit 2YOL_12///1154+1161/C+CA+N, tev///171+176/C+CA+N; 
3, 12, 2Z9I, 43, 54, 46, 65, load aligned_pdbs/2Z9I.pdb; create 2Z9I_3, 2Z9I and res 46-65; delete 2Z9I; pair_fit 2Z9I_3///46+65/C+CA+N, tev///43+54/C+CA+N; 
8, 4, 2Z9I, 113, 124, 121, 129, load aligned_pdbs/2Z9I.pdb; create 2Z9I_8, 2Z9I and res 121-129; delete 2Z9I; pair_fit 2Z9I_8///121+129/C+CA+N, tev///113+124/C+CA+N; 
9, 19, 2Z9I, 125, 139, 130, 157, load aligned_pdbs/2Z9I.pdb; create 2Z9I_9, 2Z9I and res 130-157; delete 2Z9I; pair_fit 2Z9I_9///130+157/C+CA+N, tev///125+139/C+CA+N; 
10, 9, 2Z9I, 142, 153, 160, 171, load aligned_pdbs/2Z9I.pdb; create 2Z9I_10, 2Z9I and res 160-171; delete 2Z9I; pair_fit 2Z9I_10///160+171/C+CA+N, tev///142+153/C+CA+N; 
12, 8, 2Z9I, 170, 177, 187, 205, load aligned_pdbs/2Z9I.pdb; create 2Z9I_12, 2Z9I and res 187-205; delete 2Z9I; pair_fit 2Z9I_12///187+205/C+CA+N, tev///170+177/C+CA+N; 
3, 5, 2M9P, 43, 49, 109, 115, load aligned_pdbs/2M9P.pdb; create 2M9P_3, 2M9P and res 109-115; delete 2M9P; pair_fit 2M9P_3///109+115/C+CA+N, tev///43+49/C+CA+N; 
9, 14, 2M9P, 125, 141, 169, 186, load aligned_pdbs/2M9P.pdb; create 2M9P_9, 2M9P and res 169-186; delete 2M9P; pair_fit 2M9P_9///169+186/C+CA+N, tev///125+141/C+CA+N; 
10, 9, 2M9P, 142, 153, 187, 198, load aligned_pdbs/2M9P.pdb; create 2M9P_10, 2M9P and res 187-198; delete 2M9P; pair_fit 2M9P_10///187+198/C+CA+N, tev///142+153/C+CA+N; 
12, 5, 2M9P, 171, 176, 216, 222, load aligned_pdbs/2M9P.pdb; create 2M9P_12, 2M9P and res 216-222; delete 2M9P; pair_fit 2M9P_12///216+222/C+CA+N, tev///171+176/C+CA+N; 
3, 15, 3CP7, 43, 54, 38, 54, load aligned_pdbs/3CP7.pdb; create 3CP7_3, 3CP7 and res 38-54; delete 3CP7; pair_fit 3CP7_3///38+54/C+CA+N, tev///43+54/C+CA+N; 
9, 13, 3CP7, 125, 140, 143, 158, load aligned_pdbs/3CP7.pdb; create 3CP7_9, 3CP7 and res 143-158; delete 3CP7; pair_fit 3CP7_9///143+158/C+CA+N, tev///125+140/C+CA+N; 
10, 9, 3CP7, 142, 154, 160, 172, load aligned_pdbs/3CP7.pdb; create 3CP7_10, 3CP7 and res 160-172; delete 3CP7; pair_fit 3CP7_10///160+172/C+CA+N, tev///142+154/C+CA+N; 
12, 4, 3CP7, 171, 177, 191, 198, load aligned_pdbs/3CP7.pdb; create 3CP7_12, 3CP7 and res 191-198; delete 3CP7; pair_fit 3CP7_12///191+198/C+CA+N, tev///171+177/C+CA+N; 
3, 9, 3F6U, 43, 56, 54, 65, load aligned_pdbs/3F6U.pdb; create 3F6U_3, 3F6U and res 54-65; delete 3F6U; pair_fit 3F6U_3///54+65/C+CA+N, tev///43+56/C+CA+N; 
9, 22, 3F6U, 125, 139, 157, 180, load aligned_pdbs/3F6U.pdb; create 3F6U_9, 3F6U and res 157-180; delete 3F6U; pair_fit 3F6U_9///157+180/C+CA+N, tev///125+139/C+CA+N; 
10, 14, 3F6U, 142, 154, 183, 198, load aligned_pdbs/3F6U.pdb; create 3F6U_10, 3F6U and res 183-198; delete 3F6U; pair_fit 3F6U_10///183+198/C+CA+N, tev///142+154/C+CA+N; 
12, 7, 3F6U, 169, 177, 215, 226, load aligned_pdbs/3F6U.pdb; create 3F6U_12, 3F6U and res 215-226; delete 3F6U; pair_fit 3F6U_12///215+226/C+CA+N, tev///169+177/C+CA+N; 
3, 17, 3K65, 43, 55, 360, 379, load aligned_pdbs/3K65.pdb; create 3K65_3, 3K65 and res 360-379; delete 3K65; pair_fit 3K65_3///360+379/C+CA+N, tev///43+55/C+CA+N; 
9, 22, 3K65, 125, 139, 482, 505, load aligned_pdbs/3K65.pdb; create 3K65_9, 3K65 and res 482-505; delete 3K65; pair_fit 3K65_9///482+505/C+CA+N, tev///125+139/C+CA+N; 
10, 8, 3K65, 142, 154, 508, 528, load aligned_pdbs/3K65.pdb; create 3K65_10, 3K65 and res 508-528; delete 3K65; pair_fit 3K65_10///508+528/C+CA+N, tev///142+154/C+CA+N; 
3, 5, 3LKW, 43, 49, 98, 104, load aligned_pdbs/3LKW.pdb; create 3LKW_3, 3LKW and res 98-104; delete 3LKW; pair_fit 3LKW_3///98+104/C+CA+N, tev///43+49/C+CA+N; 
10, 9, 3LKW, 142, 154, 176, 188, load aligned_pdbs/3LKW.pdb; create 3LKW_10, 3LKW and res 176-188; delete 3LKW; pair_fit 3LKW_10///176+188/C+CA+N, tev///142+154/C+CA+N; 
12, 5, 3LKW, 171, 176, 205, 211, load aligned_pdbs/3LKW.pdb; create 3LKW_12, 3LKW and res 205-211; delete 3LKW; pair_fit 3LKW_12///205+211/C+CA+N, tev///171+176/C+CA+N; 
10, 9, 3MMG, 142, 154, 142, 154, load aligned_pdbs/3MMG.pdb; create 3MMG_10, 3MMG and res 142-154; delete 3MMG; pair_fit 3MMG_10///142+154/C+CA+N, tev///142+154/C+CA+N; 
12, 4, 3MMG, 171, 177, 171, 177, load aligned_pdbs/3MMG.pdb; create 3MMG_12, 3MMG and res 171-177; delete 3MMG; pair_fit 3MMG_12///171+177/C+CA+N, tev///171+177/C+CA+N; 
C, 35, 3MMG, 181, None, 181, None, load aligned_pdbs/3MMG.pdb; create 3MMG_C, 3MMG and res 181-None; delete 3MMG; pair_fit 3MMG_C///181+None/C+CA+N, tev///181+None/C+CA+N; 
3, 9, 3NWU, 43, 54, 217, 227, load aligned_pdbs/3NWU.pdb; create 3NWU_3, 3NWU and res 217-227; delete 3NWU; pair_fit 3NWU_3///217+227/C+CA+N, tev///43+54/C+CA+N; 
10, 9, 3NWU, 142, 154, 319, 331, load aligned_pdbs/3NWU.pdb; create 3NWU_10, 3NWU and res 319-331; delete 3NWU; pair_fit 3NWU_10///319+331/C+CA+N, tev///142+154/C+CA+N; 
3, 9, 3NZI, 43, 54, 217, 227, load aligned_pdbs/3NZI.pdb; create 3NZI_3, 3NZI and res 217-227; delete 3NZI; pair_fit 3NZI_3///217+227/C+CA+N, tev///43+54/C+CA+N; 
8, 4, 3NZI, 113, 124, 283, 291, load aligned_pdbs/3NZI.pdb; create 3NZI_8, 3NZI and res 283-291; delete 3NZI; pair_fit 3NZI_8///283+291/C+CA+N, tev///113+124/C+CA+N; 
9, 23, 3NZI, 125, 139, 292, 316, load aligned_pdbs/3NZI.pdb; create 3NZI_9, 3NZI and res 292-316; delete 3NZI; pair_fit 3NZI_9///292+316/C+CA+N, tev///125+139/C+CA+N; 
10, 9, 3NZI, 142, 154, 319, 331, load aligned_pdbs/3NZI.pdb; create 3NZI_10, 3NZI and res 319-331; delete 3NZI; pair_fit 3NZI_10///319+331/C+CA+N, tev///142+154/C+CA+N; 
3, 9, 3QO6, 43, 54, 170, 180, load aligned_pdbs/3QO6.pdb; create 3QO6_3, 3QO6 and res 170-180; delete 3QO6; pair_fit 3QO6_3///170+180/C+CA+N, tev///43+54/C+CA+N; 
8, 4, 3QO6, 113, 124, 237, 245, load aligned_pdbs/3QO6.pdb; create 3QO6_8, 3QO6 and res 237-245; delete 3QO6; pair_fit 3QO6_8///237+245/C+CA+N, tev///113+124/C+CA+N; 
9, 23, 3QO6, 125, 139, 246, 270, load aligned_pdbs/3QO6.pdb; create 3QO6_9, 3QO6 and res 246-270; delete 3QO6; pair_fit 3QO6_9///246+270/C+CA+N, tev///125+139/C+CA+N; 
10, 9, 3QO6, 142, 154, 273, 285, load aligned_pdbs/3QO6.pdb; create 3QO6_10, 3QO6 and res 273-285; delete 3QO6; pair_fit 3QO6_10///273+285/C+CA+N, tev///142+154/C+CA+N; 
12, 8, 3QO6, 170, 177, 300, 311, load aligned_pdbs/3QO6.pdb; create 3QO6_12, 3QO6 and res 300-311; delete 3QO6; pair_fit 3QO6_12///300+311/C+CA+N, tev///170+177/C+CA+N; 
3, 7, 3RP2, 43, 54, 54, 63, load aligned_pdbs/3RP2.pdb; create 3RP2_3, 3RP2 and res 54-63; delete 3RP2; pair_fit 3RP2_3///54+63/C+CA+N, tev///43+54/C+CA+N; 
6, 11, 3RP2, 76, 83, 90, 104, load aligned_pdbs/3RP2.pdb; create 3RP2_6, 3RP2 and res 90-104; delete 3RP2; pair_fit 3RP2_6///90+104/C+CA+N, tev///76+83/C+CA+N; 
9, 21, 3RP2, 125, 139, 157, 180, load aligned_pdbs/3RP2.pdb; create 3RP2_9, 3RP2 and res 157-180; delete 3RP2; pair_fit 3RP2_9///157+180/C+CA+N, tev///125+139/C+CA+N; 
10, 14, 3RP2, 142, 154, 183, 198, load aligned_pdbs/3RP2.pdb; create 3RP2_10, 3RP2 and res 183-198; delete 3RP2; pair_fit 3RP2_10///183+198/C+CA+N, tev///142+154/C+CA+N; 
12, 4, 3RP2, 169, 178, 215, 227, load aligned_pdbs/3RP2.pdb; create 3RP2_12, 3RP2 and res 215-227; delete 3RP2; pair_fit 3RP2_12///215+227/C+CA+N, tev///169+178/C+CA+N; 
3, 5, 3U1I, 43, 49, 48, 54, load aligned_pdbs/3U1I.pdb; create 3U1I_3, 3U1I and res 48-54; delete 3U1I; pair_fit 3U1I_3///48+54/C+CA+N, tev///43+49/C+CA+N; 
10, 9, 3U1I, 142, 154, 126, 138, load aligned_pdbs/3U1I.pdb; create 3U1I_10, 3U1I and res 126-138; delete 3U1I; pair_fit 3U1I_10///126+138/C+CA+N, tev///142+154/C+CA+N; 
12, 7, 3U1I, 171, 176, 154, 162, load aligned_pdbs/3U1I.pdb; create 3U1I_12, 3U1I and res 154-162; delete 3U1I; pair_fit 3U1I_12///154+162/C+CA+N, tev///171+176/C+CA+N; 
3, 11, 3W94, 43, 55, 833, 848, load aligned_pdbs/3W94.pdb; create 3W94_3, 3W94 and res 833-848; delete 3W94; pair_fit 3W94_3///833+848/C+CA+N, tev///43+55/C+CA+N; 
6, 11, 3W94, 76, 83, 875, 889, load aligned_pdbs/3W94.pdb; create 3W94_6, 3W94 and res 875-889; delete 3W94; pair_fit 3W94_6///875+889/C+CA+N, tev///76+83/C+CA+N; 
9, 23, 3W94, 125, 139, 941, 964, load aligned_pdbs/3W94.pdb; create 3W94_9, 3W94 and res 941-964; delete 3W94; pair_fit 3W94_9///941+964/C+CA+N, tev///125+139/C+CA+N; 
10, 14, 3W94, 142, 154, 967, 982, load aligned_pdbs/3W94.pdb; create 3W94_10, 3W94 and res 967-982; delete 3W94; pair_fit 3W94_10///967+982/C+CA+N, tev///142+154/C+CA+N; 
3, 14, 4BNR, 43, 55, 54, 64, load aligned_pdbs/4BNR.pdb; create 4BNR_3, 4BNR and res 54-64; delete 4BNR; pair_fit 4BNR_3///54+64/C+CA+N, tev///43+55/C+CA+N; 
9, 23, 4BNR, 125, 139, 157, 180, load aligned_pdbs/4BNR.pdb; create 4BNR_9, 4BNR and res 157-180; delete 4BNR; pair_fit 4BNR_9///157+180/C+CA+N, tev///125+139/C+CA+N; 
10, 14, 4BNR, 142, 154, 183, 198, load aligned_pdbs/4BNR.pdb; create 4BNR_10, 4BNR and res 183-198; delete 4BNR; pair_fit 4BNR_10///183+198/C+CA+N, tev///142+154/C+CA+N; 
12, 7, 4BNR, 169, 177, 215, 227, load aligned_pdbs/4BNR.pdb; create 4BNR_12, 4BNR and res 215-227; delete 4BNR; pair_fit 4BNR_12///215+227/C+CA+N, tev///169+177/C+CA+N; 
3, 9, 4BXW, 43, 56, 208, 220, load aligned_pdbs/4BXW.pdb; create 4BXW_3, 4BXW and res 208-220; delete 4BXW; pair_fit 4BXW_3///208+220/C+CA+N, tev///43+56/C+CA+N; 
6, 20, 4BXW, 76, 83, 244, 267, load aligned_pdbs/4BXW.pdb; create 4BXW_6, 4BXW and res 244-267; delete 4BXW; pair_fit 4BXW_6///244+267/C+CA+N, tev///76+83/C+CA+N; 
8, 4, 4BXW, 113, 124, 306, 321, load aligned_pdbs/4BXW.pdb; create 4BXW_8, 4BXW and res 306-321; delete 4BXW; pair_fit 4BXW_8///306+321/C+CA+N, tev///113+124/C+CA+N; 
9, 22, 4BXW, 125, 139, 322, 345, load aligned_pdbs/4BXW.pdb; create 4BXW_9, 4BXW and res 322-345; delete 4BXW; pair_fit 4BXW_9///322+345/C+CA+N, tev///125+139/C+CA+N; 
10, 14, 4BXW, 142, 154, 348, 365, load aligned_pdbs/4BXW.pdb; create 4BXW_10, 4BXW and res 348-365; delete 4BXW; pair_fit 4BXW_10///348+365/C+CA+N, tev///142+154/C+CA+N; 
12, 7, 4BXW, 170, 177, 383, 393, load aligned_pdbs/4BXW.pdb; create 4BXW_12, 4BXW and res 383-393; delete 4BXW; pair_fit 4BXW_12///383+393/C+CA+N, tev///170+177/C+CA+N; 
3, 10, 4CRE, 43, 55, 54, 65, load aligned_pdbs/4CRE.pdb; create 4CRE_3, 4CRE and res 54-65; delete 4CRE; pair_fit 4CRE_3///54+65/C+CA+N, tev///43+55/C+CA+N; 
6, 11, 4CRE, 76, 83, 90, 104, load aligned_pdbs/4CRE.pdb; create 4CRE_6, 4CRE and res 90-104; delete 4CRE; pair_fit 4CRE_6///90+104/C+CA+N, tev///76+83/C+CA+N; 
8, 4, 4CRE, 113, 124, 140, 156, load aligned_pdbs/4CRE.pdb; create 4CRE_8, 4CRE and res 140-156; delete 4CRE; pair_fit 4CRE_8///140+156/C+CA+N, tev///113+124/C+CA+N; 
9, 23, 4CRE, 125, 139, 157, 180, load aligned_pdbs/4CRE.pdb; create 4CRE_9, 4CRE and res 157-180; delete 4CRE; pair_fit 4CRE_9///157+180/C+CA+N, tev///125+139/C+CA+N; 
10, 14, 4CRE, 142, 154, 183, 198, load aligned_pdbs/4CRE.pdb; create 4CRE_10, 4CRE and res 183-198; delete 4CRE; pair_fit 4CRE_10///183+198/C+CA+N, tev///142+154/C+CA+N; 
12, 7, 4CRE, 169, 177, 215, 226, load aligned_pdbs/4CRE.pdb; create 4CRE_12, 4CRE and res 215-226; delete 4CRE; pair_fit 4CRE_12///215+226/C+CA+N, tev///169+177/C+CA+N; 
3, 11, 4DGJ, 43, 55, 38, 53, load aligned_pdbs/4DGJ.pdb; create 4DGJ_3, 4DGJ and res 38-53; delete 4DGJ; pair_fit 4DGJ_3///38+53/C+CA+N, tev///43+55/C+CA+N; 
9, 23, 4DGJ, 125, 139, 146, 170, load aligned_pdbs/4DGJ.pdb; create 4DGJ_9, 4DGJ and res 146-170; delete 4DGJ; pair_fit 4DGJ_9///146+170/C+CA+N, tev///125+139/C+CA+N; 
10, 14, 4DGJ, 142, 154, 173, 190, load aligned_pdbs/4DGJ.pdb; create 4DGJ_10, 4DGJ and res 173-190; delete 4DGJ; pair_fit 4DGJ_10///173+190/C+CA+N, tev///142+154/C+CA+N; 
12, 7, 4DGJ, 169, 177, 207, 218, load aligned_pdbs/4DGJ.pdb; create 4DGJ_12, 4DGJ and res 207-218; delete 4DGJ; pair_fit 4DGJ_12///207+218/C+CA+N, tev///169+177/C+CA+N; 
3, 9, 4FLN, 43, 54, 156, 166, load aligned_pdbs/4FLN.pdb; create 4FLN_3, 4FLN and res 156-166; delete 4FLN; pair_fit 4FLN_3///156+166/C+CA+N, tev///43+54/C+CA+N; 
8, 3, 4FLN, 113, 124, 224, 233, load aligned_pdbs/4FLN.pdb; create 4FLN_8, 4FLN and res 224-233; delete 4FLN; pair_fit 4FLN_8///224+233/C+CA+N, tev///113+124/C+CA+N; 
10, 9, 4FLN, 142, 154, 259, 271, load aligned_pdbs/4FLN.pdb; create 4FLN_10, 4FLN and res 259-271; delete 4FLN; pair_fit 4FLN_10///259+271/C+CA+N, tev///142+154/C+CA+N; 
12, 4, 4FLN, 168, 177, 284, 296, load aligned_pdbs/4FLN.pdb; create 4FLN_12, 4FLN and res 284-296; delete 4FLN; pair_fit 4FLN_12///284+296/C+CA+N, tev///168+177/C+CA+N; 
1, 2, 4IC6, 23, 32, 135, 155, load aligned_pdbs/4IC6.pdb; create 4IC6_1, 4IC6 and res 135-155; delete 4IC6; pair_fit 4IC6_1///135+155/C+CA+N, tev///23+32/C+CA+N; 
3, 18, 4IC6, 43, 54, 168, 187, load aligned_pdbs/4IC6.pdb; create 4IC6_3, 4IC6 and res 168-187; delete 4IC6; pair_fit 4IC6_3///168+187/C+CA+N, tev///43+54/C+CA+N; 
9, 22, 4IC6, 125, 139, 257, 280, load aligned_pdbs/4IC6.pdb; create 4IC6_9, 4IC6 and res 257-280; delete 4IC6; pair_fit 4IC6_9///257+280/C+CA+N, tev///125+139/C+CA+N; 
10, 9, 4IC6, 142, 154, 283, 295, load aligned_pdbs/4IC6.pdb; create 4IC6_10, 4IC6 and res 283-295; delete 4IC6; pair_fit 4IC6_10///283+295/C+CA+N, tev///142+154/C+CA+N; 
12, 8, 4IC6, 167, 177, 307, 321, load aligned_pdbs/4IC6.pdb; create 4IC6_12, 4IC6 and res 307-321; delete 4IC6; pair_fit 4IC6_12///307+321/C+CA+N, tev///167+177/C+CA+N; 
3, 10, 4INK, 43, 56, 36, 49, load aligned_pdbs/4INK.pdb; create 4INK_3, 4INK and res 36-49; delete 4INK; pair_fit 4INK_3///36+49/C+CA+N, tev///43+56/C+CA+N; 
10, 9, 4INK, 142, 154, 147, 159, load aligned_pdbs/4INK.pdb; create 4INK_10, 4INK and res 147-159; delete 4INK; pair_fit 4INK_10///147+159/C+CA+N, tev///142+154/C+CA+N; 
12, 7, 4INK, 170, 177, 174, 184, load aligned_pdbs/4INK.pdb; create 4INK_12, 4INK and res 174-184; delete 4INK; pair_fit 4INK_12///174+184/C+CA+N, tev///170+177/C+CA+N; 
3, 10, 4K1T, 43, 56, 36, 49, load aligned_pdbs/4K1T.pdb; create 4K1T_3, 4K1T and res 36-49; delete 4K1T; pair_fit 4K1T_3///36+49/C+CA+N, tev///43+56/C+CA+N; 
8, 4, 4K1T, 113, 124, 120, 132, load aligned_pdbs/4K1T.pdb; create 4K1T_8, 4K1T and res 120-132; delete 4K1T; pair_fit 4K1T_8///120+132/C+CA+N, tev///113+124/C+CA+N; 
10, 9, 4K1T, 142, 154, 148, 160, load aligned_pdbs/4K1T.pdb; create 4K1T_10, 4K1T and res 148-160; delete 4K1T; pair_fit 4K1T_10///148+160/C+CA+N, tev///142+154/C+CA+N; 
3, 11, 4LK4, 43, 55, 75, 88, load aligned_pdbs/4LK4.pdb; create 4LK4_3, 4LK4 and res 75-88; delete 4LK4; pair_fit 4LK4_3///75+88/C+CA+N, tev///43+55/C+CA+N; 
6, 11, 4LK4, 76, 83, 113, 127, load aligned_pdbs/4LK4.pdb; create 4LK4_6, 4LK4 and res 113-127; delete 4LK4; pair_fit 4LK4_6///113+127/C+CA+N, tev///76+83/C+CA+N; 
9, 26, 4LK4, 125, 139, 179, 206, load aligned_pdbs/4LK4.pdb; create 4LK4_9, 4LK4 and res 179-206; delete 4LK4; pair_fit 4LK4_9///179+206/C+CA+N, tev///125+139/C+CA+N; 
10, 8, 4LK4, 142, 154, 209, 224, load aligned_pdbs/4LK4.pdb; create 4LK4_10, 4LK4 and res 209-224; delete 4LK4; pair_fit 4LK4_10///209+224/C+CA+N, tev///142+154/C+CA+N; 
12, 4, 4LK4, 170, 177, 240, 251, load aligned_pdbs/4LK4.pdb; create 4LK4_12, 4LK4 and res 240-251; delete 4LK4; pair_fit 4LK4_12///240+251/C+CA+N, tev///170+177/C+CA+N; 
3, 5, 4M9M, 43, 49, 1048, 1054, load aligned_pdbs/4M9M.pdb; create 4M9M_3, 4M9M and res 1048-1054; delete 4M9M; pair_fit 4M9M_3///1048+1054/C+CA+N, tev///43+49/C+CA+N; 
10, 9, 4M9M, 142, 154, 1126, 1138, load aligned_pdbs/4M9M.pdb; create 4M9M_10, 4M9M and res 1126-1138; delete 4M9M; pair_fit 4M9M_10///1126+1138/C+CA+N, tev///142+154/C+CA+N; 
12, 4, 4M9M, 171, 176, 1155, 1161, load aligned_pdbs/4M9M.pdb; create 4M9M_12, 4M9M and res 1155-1161; delete 4M9M; pair_fit 4M9M_12///1155+1161/C+CA+N, tev///171+176/C+CA+N; 
1, 2, 4R8T, 25, 28, 29, 32, load aligned_pdbs/4R8T.pdb; create 4R8T_1, 4R8T and res 29-32; delete 4R8T; pair_fit 4R8T_1///29+32/C+CA+N, tev///25+28/C+CA+N; 
3, 8, 4R8T, 43, 55, 48, 58, load aligned_pdbs/4R8T.pdb; create 4R8T_3, 4R8T and res 48-58; delete 4R8T; pair_fit 4R8T_3///48+58/C+CA+N, tev///43+55/C+CA+N; 
10, 9, 4R8T, 141, 154, 125, 138, load aligned_pdbs/4R8T.pdb; create 4R8T_10, 4R8T and res 125-138; delete 4R8T; pair_fit 4R8T_10///125+138/C+CA+N, tev///141+154/C+CA+N; 
3, 11, 5C2Z, 43, 55, 93, 108, load aligned_pdbs/5C2Z.pdb; create 5C2Z_3, 5C2Z and res 93-108; delete 5C2Z; pair_fit 5C2Z_3///93+108/C+CA+N, tev///43+55/C+CA+N; 
10, 9, 5C2Z, 142, 154, 210, 222, load aligned_pdbs/5C2Z.pdb; create 5C2Z_10, 5C2Z and res 210-222; delete 5C2Z; pair_fit 5C2Z_10///210+222/C+CA+N, tev///142+154/C+CA+N; 
12, 4, 5C2Z, 171, 176, 238, 243, load aligned_pdbs/5C2Z.pdb; create 5C2Z_12, 5C2Z and res 238-243; delete 5C2Z; pair_fit 5C2Z_12///238+243/C+CA+N, tev///171+176/C+CA+N; 
3, 17, 5EDM, 43, 55, 346, 365, load aligned_pdbs/5EDM.pdb; create 5EDM_3, 5EDM and res 346-365; delete 5EDM; pair_fit 5EDM_3///346+365/C+CA+N, tev///43+55/C+CA+N; 
6, 12, 5EDM, 76, 83, 392, 407, load aligned_pdbs/5EDM.pdb; create 5EDM_6, 5EDM and res 392-407; delete 5EDM; pair_fit 5EDM_6///392+407/C+CA+N, tev///76+83/C+CA+N; 
9, 22, 5EDM, 125, 139, 468, 491, load aligned_pdbs/5EDM.pdb; create 5EDM_9, 5EDM and res 468-491; delete 5EDM; pair_fit 5EDM_9///468+491/C+CA+N, tev///125+139/C+CA+N; 
10, 17, 5EDM, 142, 154, 494, 514, load aligned_pdbs/5EDM.pdb; create 5EDM_10, 5EDM and res 494-514; delete 5EDM; pair_fit 5EDM_10///494+514/C+CA+N, tev///142+154/C+CA+N; 
3, 12, 5GVT, 43, 55, 54, 65, load aligned_pdbs/5GVT.pdb; create 5GVT_3, 5GVT and res 54-65; delete 5GVT; pair_fit 5GVT_3///54+65/C+CA+N, tev///43+55/C+CA+N; 
8, 4, 5GVT, 113, 124, 140, 156, load aligned_pdbs/5GVT.pdb; create 5GVT_8, 5GVT and res 140-156; delete 5GVT; pair_fit 5GVT_8///140+156/C+CA+N, tev///113+124/C+CA+N; 
9, 23, 5GVT, 125, 139, 157, 180, load aligned_pdbs/5GVT.pdb; create 5GVT_9, 5GVT and res 157-180; delete 5GVT; pair_fit 5GVT_9///157+180/C+CA+N, tev///125+139/C+CA+N; 
10, 14, 5GVT, 142, 154, 183, 198, load aligned_pdbs/5GVT.pdb; create 5GVT_10, 5GVT and res 183-198; delete 5GVT; pair_fit 5GVT_10///183+198/C+CA+N, tev///142+154/C+CA+N; 
12, 6, 5GVT, 167, 177, 213, 226, load aligned_pdbs/5GVT.pdb; create 5GVT_12, 5GVT and res 213-226; delete 5GVT; pair_fit 5GVT_12///213+226/C+CA+N, tev///167+177/C+CA+N; 
9, 22, 5HM2, 125, 139, 128, 151, load aligned_pdbs/5HM2.pdb; create 5HM2_9, 5HM2 and res 128-151; delete 5HM2; pair_fit 5HM2_9///128+151/C+CA+N, tev///125+139/C+CA+N; 
10, 9, 5HM2, 142, 154, 154, 166, load aligned_pdbs/5HM2.pdb; create 5HM2_10, 5HM2 and res 154-166; delete 5HM2; pair_fit 5HM2_10///154+166/C+CA+N, tev///142+154/C+CA+N; 
3, 9, 5ILB, 43, 54, 156, 166, load aligned_pdbs/5ILB.pdb; create 5ILB_3, 5ILB and res 156-166; delete 5ILB; pair_fit 5ILB_3///156+166/C+CA+N, tev///43+54/C+CA+N; 
8, 4, 5ILB, 113, 124, 224, 233, load aligned_pdbs/5ILB.pdb; create 5ILB_8, 5ILB and res 224-233; delete 5ILB; pair_fit 5ILB_8///224+233/C+CA+N, tev///113+124/C+CA+N; 
9, 21, 5ILB, 125, 139, 234, 256, load aligned_pdbs/5ILB.pdb; create 5ILB_9, 5ILB and res 234-256; delete 5ILB; pair_fit 5ILB_9///234+256/C+CA+N, tev///125+139/C+CA+N; 
10, 9, 5ILB, 142, 154, 259, 271, load aligned_pdbs/5ILB.pdb; create 5ILB_10, 5ILB and res 259-271; delete 5ILB; pair_fit 5ILB_10///259+271/C+CA+N, tev///142+154/C+CA+N; 
12, 7, 5ILB, 170, 177, 286, 296, load aligned_pdbs/5ILB.pdb; create 5ILB_12, 5ILB and res 286-296; delete 5ILB; pair_fit 5ILB_12///286+296/C+CA+N, tev///170+177/C+CA+N; 
3, 9, 5JB8, 43, 56, 54, 65, load aligned_pdbs/5JB8.pdb; create 5JB8_3, 5JB8 and res 54-65; delete 5JB8; pair_fit 5JB8_3///54+65/C+CA+N, tev///43+56/C+CA+N; 
6, 13, 5JB8, 76, 83, 90, 104, load aligned_pdbs/5JB8.pdb; create 5JB8_6, 5JB8 and res 90-104; delete 5JB8; pair_fit 5JB8_6///90+104/C+CA+N, tev///76+83/C+CA+N; 
9, 22, 5JB8, 125, 139, 157, 180, load aligned_pdbs/5JB8.pdb; create 5JB8_9, 5JB8 and res 157-180; delete 5JB8; pair_fit 5JB8_9///157+180/C+CA+N, tev///125+139/C+CA+N; 
10, 14, 5JB8, 142, 154, 183, 198, load aligned_pdbs/5JB8.pdb; create 5JB8_10, 5JB8 and res 183-198; delete 5JB8; pair_fit 5JB8_10///183+198/C+CA+N, tev///142+154/C+CA+N; 
3, 36, 5JXP, 43, 57, 82, 122, load aligned_pdbs/5JXP.pdb; create 5JXP_3, 5JXP and res 82-122; delete 5JXP; pair_fit 5JXP_3///82+122/C+CA+N, tev///43+57/C+CA+N; 
6, 22, 5JXP, 76, 83, 203, 228, load aligned_pdbs/5JXP.pdb; create 5JXP_6, 5JXP and res 203-228; delete 5JXP; pair_fit 5JXP_6///203+228/C+CA+N, tev///76+83/C+CA+N; 
10, 9, 5JXP, 142, 154, 643, 655, load aligned_pdbs/5JXP.pdb; create 5JXP_10, 5JXP and res 643-655; delete 5JXP; pair_fit 5JXP_10///643+655/C+CA+N, tev///142+154/C+CA+N; 
12, 15, 5JXP, 170, 177, 670, 688, load aligned_pdbs/5JXP.pdb; create 5JXP_12, 5JXP and res 670-688; delete 5JXP; pair_fit 5JXP_12///670+688/C+CA+N, tev///170+177/C+CA+N; 
N, 40, 5LC0, None, 18, None, 1022, load aligned_pdbs/5LC0.pdb; create 5LC0_N, 5LC0 and res None-1022; delete 5LC0; pair_fit 5LC0_N///None+1022/C+CA+N, tev///None+18/C+CA+N; 
3, 5, 5LC0, 43, 49, 1048, 1054, load aligned_pdbs/5LC0.pdb; create 5LC0_3, 5LC0 and res 1048-1054; delete 5LC0; pair_fit 5LC0_3///1048+1054/C+CA+N, tev///43+49/C+CA+N; 
10, 9, 5LC0, 142, 154, 1126, 1138, load aligned_pdbs/5LC0.pdb; create 5LC0_10, 5LC0 and res 1126-1138; delete 5LC0; pair_fit 5LC0_10///1126+1138/C+CA+N, tev///142+154/C+CA+N; 
12, 7, 5LC0, 171, 176, 1154, 1162, load aligned_pdbs/5LC0.pdb; create 5LC0_12, 5LC0 and res 1154-1162; delete 5LC0; pair_fit 5LC0_12///1154+1162/C+CA+N, tev///171+176/C+CA+N; 
6, 9, 5LPE, 76, 83, 90, 104, load aligned_pdbs/5LPE.pdb; create 5LPE_6, 5LPE and res 90-104; delete 5LPE; pair_fit 5LPE_6///90+104/C+CA+N, tev///76+83/C+CA+N; 
8, 4, 5LPE, 113, 124, 140, 156, load aligned_pdbs/5LPE.pdb; create 5LPE_8, 5LPE and res 140-156; delete 5LPE; pair_fit 5LPE_8///140+156/C+CA+N, tev///113+124/C+CA+N; 
9, 22, 5LPE, 125, 139, 157, 180, load aligned_pdbs/5LPE.pdb; create 5LPE_9, 5LPE and res 157-180; delete 5LPE; pair_fit 5LPE_9///157+180/C+CA+N, tev///125+139/C+CA+N; 
10, 13, 5LPE, 142, 154, 183, 198, load aligned_pdbs/5LPE.pdb; create 5LPE_10, 5LPE and res 183-198; delete 5LPE; pair_fit 5LPE_10///183+198/C+CA+N, tev///142+154/C+CA+N; 
12, 8, 5LPE, 169, 177, 215, 226, load aligned_pdbs/5LPE.pdb; create 5LPE_12, 5LPE and res 215-226; delete 5LPE; pair_fit 5LPE_12///215+226/C+CA+N, tev///169+177/C+CA+N; 
3, 10, 5MM8, 43, 56, 36, 49, load aligned_pdbs/5MM8.pdb; create 5MM8_3, 5MM8 and res 36-49; delete 5MM8; pair_fit 5MM8_3///36+49/C+CA+N, tev///43+56/C+CA+N; 
10, 9, 5MM8, 142, 154, 146, 158, load aligned_pdbs/5MM8.pdb; create 5MM8_10, 5MM8 and res 146-158; delete 5MM8; pair_fit 5MM8_10///146+158/C+CA+N, tev///142+154/C+CA+N; 
3, 5, 5MZ4, 43, 49, 107, 113, load aligned_pdbs/5MZ4.pdb; create 5MZ4_3, 5MZ4 and res 107-113; delete 5MZ4; pair_fit 5MZ4_3///107+113/C+CA+N, tev///43+49/C+CA+N; 
10, 21, 5MZ4, 142, 154, 183, 207, load aligned_pdbs/5MZ4.pdb; create 5MZ4_10, 5MZ4 and res 183-207; delete 5MZ4; pair_fit 5MZ4_10///183+207/C+CA+N, tev///142+154/C+CA+N; 
3, 17, 5TO3, 43, 55, 55, 74, load aligned_pdbs/5TO3.pdb; create 5TO3_3, 5TO3 and res 55-74; delete 5TO3; pair_fit 5TO3_3///55+74/C+CA+N, tev///43+55/C+CA+N; 
9, 22, 5TO3, 125, 139, 177, 200, load aligned_pdbs/5TO3.pdb; create 5TO3_9, 5TO3 and res 177-200; delete 5TO3; pair_fit 5TO3_9///177+200/C+CA+N, tev///125+139/C+CA+N; 
10, 17, 5TO3, 142, 154, 203, 223, load aligned_pdbs/5TO3.pdb; create 5TO3_10, 5TO3 and res 203-223; delete 5TO3; pair_fit 5TO3_10///203+223/C+CA+N, tev///142+154/C+CA+N; 
12, 7, 5TO3, 169, 177, 242, 253, load aligned_pdbs/5TO3.pdb; create 5TO3_12, 5TO3 and res 242-253; delete 5TO3; pair_fit 5TO3_12///242+253/C+CA+N, tev///169+177/C+CA+N; 
3, 5, 5WDX, 43, 49, 54, 60, load aligned_pdbs/5WDX.pdb; create 5WDX_3, 5WDX and res 54-60; delete 5WDX; pair_fit 5WDX_3///54+60/C+CA+N, tev///43+49/C+CA+N; 
10, 15, 5WDX, 142, 154, 124, 142, load aligned_pdbs/5WDX.pdb; create 5WDX_10, 5WDX and res 124-142; delete 5WDX; pair_fit 5WDX_10///124+142/C+CA+N, tev///142+154/C+CA+N; 
12, 7, 5WDX, 171, 176, 158, 166, load aligned_pdbs/5WDX.pdb; create 5WDX_12, 5WDX and res 158-166; delete 5WDX; pair_fit 5WDX_12///158+166/C+CA+N, tev///171+176/C+CA+N; 
3, 9, 5Y28, 43, 56, 113, 125, load aligned_pdbs/5Y28.pdb; create 5Y28_3, 5Y28 and res 113-125; delete 5Y28; pair_fit 5Y28_3///113+125/C+CA+N, tev///43+56/C+CA+N; 
10, 9, 5Y28, 142, 154, 212, 224, load aligned_pdbs/5Y28.pdb; create 5Y28_10, 5Y28 and res 212-224; delete 5Y28; pair_fit 5Y28_10///212+224/C+CA+N, tev///142+154/C+CA+N; 
12, 3, 5Y28, 168, 177, 237, 250, load aligned_pdbs/5Y28.pdb; create 5Y28_12, 5Y28 and res 237-250; delete 5Y28; pair_fit 5Y28_12///237+250/C+CA+N, tev///168+177/C+CA+N; 
1, 1, 5YVU, 23, 29, 27, 34, load aligned_pdbs/5YVU.pdb; create 5YVU_1, 5YVU and res 27-34; delete 5YVU; pair_fit 5YVU_1///27+34/C+CA+N, tev///23+29/C+CA+N; 
3, 8, 5YVU, 43, 55, 48, 58, load aligned_pdbs/5YVU.pdb; create 5YVU_3, 5YVU and res 48-58; delete 5YVU; pair_fit 5YVU_3///48+58/C+CA+N, tev///43+55/C+CA+N; 
10, 9, 5YVU, 142, 153, 126, 137, load aligned_pdbs/5YVU.pdb; create 5YVU_10, 5YVU and res 126-137; delete 5YVU; pair_fit 5YVU_10///126+137/C+CA+N, tev///142+153/C+CA+N; 
12, 7, 5YVU, 171, 176, 154, 162, load aligned_pdbs/5YVU.pdb; create 5YVU_12, 5YVU and res 154-162; delete 5YVU; pair_fit 5YVU_12///154+162/C+CA+N, tev///171+176/C+CA+N; 
3, 36, 5JWF, 43, 57, 82, 122, load aligned_pdbs/5JWF.pdb; create 5JWF_3, 5JWF and res 82-122; delete 5JWF; pair_fit 5JWF_3///82+122/C+CA+N, tev///43+57/C+CA+N; 
6, 22, 5JWF, 76, 83, 204, 229, load aligned_pdbs/5JWF.pdb; create 5JWF_6, 5JWF and res 204-229; delete 5JWF; pair_fit 5JWF_6///204+229/C+CA+N, tev///76+83/C+CA+N; 
10, 9, 5JWF, 142, 154, 646, 658, load aligned_pdbs/5JWF.pdb; create 5JWF_10, 5JWF and res 646-658; delete 5JWF; pair_fit 5JWF_10///646+658/C+CA+N, tev///142+154/C+CA+N; 
12, 15, 5JWF, 170, 177, 673, 691, load aligned_pdbs/5JWF.pdb; create 5JWF_12, 5JWF and res 673-691; delete 5JWF; pair_fit 5JWF_12///673+691/C+CA+N, tev///170+177/C+CA+N; 
3, 5, 5T1V, 43, 49, 113, 119, load aligned_pdbs/5T1V.pdb; create 5T1V_3, 5T1V and res 113-119; delete 5T1V; pair_fit 5T1V_3///113+119/C+CA+N, tev///43+49/C+CA+N; 
10, 9, 5T1V, 141, 154, 190, 203, load aligned_pdbs/5T1V.pdb; create 5T1V_10, 5T1V and res 190-203; delete 5T1V; pair_fit 5T1V_10///190+203/C+CA+N, tev///141+154/C+CA+N; 
3, 17, 6BJR, 42, 55, 359, 379, load aligned_pdbs/6BJR.pdb; create 6BJR_3, 6BJR and res 359-379; delete 6BJR; pair_fit 6BJR_3///359+379/C+CA+N, tev///42+55/C+CA+N; 
9, 22, 6BJR, 125, 139, 482, 505, load aligned_pdbs/6BJR.pdb; create 6BJR_9, 6BJR and res 482-505; delete 6BJR; pair_fit 6BJR_9///482+505/C+CA+N, tev///125+139/C+CA+N; 
10, 17, 6BJR, 141, 153, 507, 527, load aligned_pdbs/6BJR.pdb; create 6BJR_10, 6BJR and res 507-527; delete 6BJR; pair_fit 6BJR_10///507+527/C+CA+N, tev///141+153/C+CA+N; 
12, 5, 6BJR, 167, 178, 545, 559, load aligned_pdbs/6BJR.pdb; create 6BJR_12, 6BJR and res 545-559; delete 6BJR; pair_fit 6BJR_12///545+559/C+CA+N, tev///167+178/C+CA+N; 
3, 7, 6BQJ, 43, 51, 54, 62, load aligned_pdbs/6BQJ.pdb; create 6BQJ_3, 6BQJ and res 54-62; delete 6BQJ; pair_fit 6BQJ_3///54+62/C+CA+N, tev///43+51/C+CA+N; 
10, 15, 6BQJ, 142, 154, 124, 142, load aligned_pdbs/6BQJ.pdb; create 6BQJ_10, 6BQJ and res 124-142; delete 6BQJ; pair_fit 6BQJ_10///124+142/C+CA+N, tev///142+154/C+CA+N; 
12, 7, 6BQJ, 171, 176, 158, 166, load aligned_pdbs/6BQJ.pdb; create 6BQJ_12, 6BQJ and res 158-166; delete 6BQJ; pair_fit 6BQJ_12///158+166/C+CA+N, tev///171+176/C+CA+N; 
3, 11, 6E0U, 43, 55, 92, 107, load aligned_pdbs/6E0U.pdb; create 6E0U_3, 6E0U and res 92-107; delete 6E0U; pair_fit 6E0U_3///92+107/C+CA+N, tev///43+55/C+CA+N; 
10, 9, 6E0U, 142, 154, 207, 219, load aligned_pdbs/6E0U.pdb; create 6E0U_10, 6E0U and res 207-219; delete 6E0U; pair_fit 6E0U_10///207+219/C+CA+N, tev///142+154/C+CA+N; 
12, 4, 6E0U, 171, 176, 235, 240, load aligned_pdbs/6E0U.pdb; create 6E0U_12, 6E0U and res 235-240; delete 6E0U; pair_fit 6E0U_12///235+240/C+CA+N, tev///171+176/C+CA+N; 
N, 16, 6U1B, None, 18, None, 88, load aligned_pdbs/6U1B.pdb; create 6U1B_N, 6U1B and res None-88; delete 6U1B; pair_fit 6U1B_N///None+88/C+CA+N, tev///None+18/C+CA+N; 
3, 11, 6U1B, 43, 56, 114, 130, load aligned_pdbs/6U1B.pdb; create 6U1B_3, 6U1B and res 114-130; delete 6U1B; pair_fit 6U1B_3///114+130/C+CA+N, tev///43+56/C+CA+N; 
10, 9, 6U1B, 142, 154, 226, 238, load aligned_pdbs/6U1B.pdb; create 6U1B_10, 6U1B and res 226-238; delete 6U1B; pair_fit 6U1B_10///226+238/C+CA+N, tev///142+154/C+CA+N; 
12, 3, 6U1B, 171, 176, 254, 258, load aligned_pdbs/6U1B.pdb; create 6U1B_12, 6U1B and res 254-258; delete 6U1B; pair_fit 6U1B_12///254+258/C+CA+N, tev///171+176/C+CA+N; 
